Word,Frequency
car,5090
fox,2630
rental,2331
great,1856
service,1752
get,1687
rent,1626
not,1457
easy,1419
experience,1278
good,1261
vehicle,1254
return,1148
would,1110
time,1086
customer,1073
price,1059
staff,965
pick,955
use,936
airport,929
do,927
company,873
charge,868
we,848
go,842
shuttle,815
make,810
friendly,808
take,721
clean,703
pay,698
wait,675
say,674
day,668
tell,624
well,604
helpful,594
drop,570
process,566
back,552
give,543
one,532
check,531
reservation,521
could,515
need,513
nice,495
quick,494
call,492
never,485
hour,467
counter,464
pickup,459
insurance,454
line,449
people,419
even,418
book,409
minute,405
fast,400
i,398
long,396
excellent,395
fee,385
try,385
like,383
also,378
location,373
help,366
agent,343
toll,342
drive,341
everything,338
recommend,331
thank,331
first,329
card,325
rate,321
work,321
driver,319
want,317
issue,317
extra,313
bad,312
definitely,308
find,308
always,302
upgrade,300
ask,299
arrive,296
cost,293
way,293
credit,282
new,282
gas,272
know,268
another,267
employee,248
see,248
leave,244
lot,240
ve,239
come,236
really,234
professional,232
efficient,232
overall,231
desk,231
receive,229
trip,229
reserve,228
ever,225
full,217
problem,216
provide,214
smooth,212
review,210
deal,209
super,208
money,208
be,208
end,207
additional,204
flight,203
person,201
suv,200
sure,199
available,196
phone,192
next,188
add,187
much,186
look,185
email,185
offer,182
low,179
tire,177
keep,176
right,175
place,175
online,174
sign,172
refund,172
deposit,171
two,170
still,166
front,165
little,162
travel,162
name,160
care,157
change,157
website,156
happy,155
option,154
year,154
week,153
every,152
expect,152
condition,151
thing,151
since,151
start,150
site,149
think,149
late,148
early,148
many,147
business,146
bus,144
mile,144
away,144
m,143
without,142
last,142
manager,142
though,141
feel,139
office,138
prepay,138
show,137
kind,136
due,136
value,135
tank,135
able,134
around,134
explain,133
courteous,133
however,132
pleasant,132
later,130
star,128
already,128
cheap,128
guy,128
expedia,128
small,127
extremely,126
hold,123
s,123
everyone,123
bill,122
less,121
area,119
love,119
bit,118
contact,118
cancel,118
number,118
can,117
reasonable,117
highly,117
run,117
different,116
pass,116
upon,115
finally,114
whole,113
awesome,113
let,113
road,112
amazing,112
family,112
rep,110
ready,110
total,109
free,109
state,109
choose,109
lax,109
representative,108
orlando,108
quickly,106
fine,105
big,105
dollar,105
agency,104
someone,104
lady,104
seem,104
read,104
send,103
entire,103
amount,102
inside,101
san,101
fill,101
far,100
per,100
horrible,100
van,99
almost,98
wonderful,98
rude,98
renting,98
speak,97
simple,97
d,97
avoid,96
vegas,96
anyone,94
several,94
question,93
answer,93
close,93
future,92
nothing,92
damage,92
please,91
delay,91
bring,91
save,91
put,90
walk,90
purchase,90
turn,90
high,90
hide,90
booking,90
team,89
ease,89
convenient,88
request,87
min,86
instead,86
information,85
fuel,85
refuse,84
second,84
perfect,84
stay,83
choice,83
brand,83
half,83
denver,82
contract,82
jeep,81
dirty,81
agreement,81
point,80
enough,79
lie,79
old,79
anything,79
checkin,78
knowledgeable,78
double,78
policy,78
affordable,78
top,77
hassle,77
terrible,77
vacation,77
job,77
key,77
you,77
ride,76
absolutely,76
especially,75
hard,74
terminal,74
seat,74
include,74
clear,74
waiting,73
response,73
that,73
scam,73
las,73
polite,73
smoothly,72
talk,72
happen,72
pricing,71
hear,71
spend,71
priceline,71
toyota,71
month,70
size,70
pm,70
plus,70
short,69
comfortable,69
reason,69
complaint,69
phoenix,69
worth,69
cover,69
understand,68
windshield,68
hope,68
member,67
center,67
arrival,67
else,67
party,67
something,67
require,66
license,66
morning,66
actually,66
other,66
three,66
will,66
florida,66
outside,65
quality,65
accommodate,65
least,65
seamless,65
ok,64
poor,64
order,64
night,64
pressure,64
sell,63
appreciate,63
positive,63
city,63
agree,63
fact,63
expensive,62
discount,62
mileage,62
via,62
accept,62
either,62
dropoff,62
smell,61
finish,61
quote,61
beyond,60
billing,60
buy,60
large,60
fantastic,60
reliable,59
inform,59
side,59
complete,59
re,59
open,59
write,59
twice,58
may,58
within,58
door,58
pretty,58
decline,58
plan,58
scratch,57
original,57
husband,57
smile,57
system,57
force,56
man,56
paperwork,56
payment,55
satisfied,55
etc,55
coverage,55
receipt,54
switch,54
woman,54
reply,54
notice,54
except,54
mention,54
home,54
assistance,54
yet,53
miss,53
clearly,53
wish,53
probably,53
allow,53
have,53
attendant,53
th,53
visit,53
ill,53
quite,52
surprise,52
note,52
concern,52
exactly,52
reach,52
slow,52
selection,51
lose,51
dent,51
competitive,51
stop,51
checkout,51
ahead,51
claim,51
third,50
fort,50
window,50
gallon,50
completely,50
parking,49
believe,49
wrong,49
immediately,49
date,49
luggage,49
past,48
extend,47
initial,47
follow,47
salt,47
handle,47
although,46
yes,46
situation,46
debit,46
lake,46
despite,46
europcar,46
stand,45
might,45
part,45
must,45
hand,45
realize,45
navigate,45
roadside,44
aware,44
enjoy,44
otherwise,44
difficult,44
similar,44
negative,43
compare,43
security,43
correct,43
break,43
type,43
wife,43
advance,43
model,43
matter,43
patient,42
suppose,42
usually,42
respond,42
sale,42
fair,42
move,42
forward,42
facility,42
young,42
attitude,42
multiple,41
locate,41
us,41
consider,41
outstanding,41
clerk,41
beware,41
miami,41
totally,40
light,40
california,40
seattle,40
decide,40
promise,40
tampa,40
trust,40
practice,40
safe,39
fly,39
account,39
passenger,39
possible,39
confirmation,39
hire,39
minivan,39
assist,39
couple,39
worry,39
avis,38
budget,38
final,38
busy,38
bag,38
dispute,38
renter,38
print,38
thru,37
foxs,37
serve,37
diego,37
associate,37
prior,37
attempt,37
continue,37
exceptional,37
sfo,37
beat,37
picture,36
transaction,36
breeze,36
term,36
personal,36
behind,36
actual,36
address,36
uber,36
pull,35
wheel,35
set,35
base,35
previous,35
hotel,35
air,35
friend,35
hang,35
they,34
indicate,34
simply,34
life,34
list,34
case,34
difference,34
personnel,34
gentleman,34
upsell,34
message,33
plate,33
detail,33
encounter,33
complain,33
garage,33
exchange,33
attention,33
liability,33
class,33
rentacar,33
decent,33
mistake,33
empty,33
mean,33
meet,33
spot,33
tired,33
directly,33
prompt,33
cause,33
explanation,33
unlimited,32
international,32
covid,32
auto,32
lack,32
runner,32
local,32
waste,32
true,32
paper,32
real,32
dodge,32
park,32
la,32
enterprise,31
course,31
today,31
listen,31
resolve,31
chat,31
treat,31
rip,31
forget,31
camry,31
battery,31
hertz,31
recently,30
compact,30
extras,30
hit,30
ensure,30
wiper,30
honor,30
hrs,30
originally,30
lauderdale,30
absolute,29
informative,29
easily,29
wear,29
record,29
trouble,29
offsite,29
st,29
surprised,29
form,29
soon,29
begin,29
document,28
child,28
pleasure,28
learn,28
austin,28
rest,28
fairly,28
girl,28
literally,28
mind,28
live,28
shape,28
willing,28
zero,28
catch,28
info,28
rating,28
rather,28
taxis,27
standard,27
destination,27
level,27
update,27
none,27
personable,27
ridiculous,27
worker,27
getting,27
station,27
okay,27
francisco,27
plane,27
mark,27
advise,27
huge,27
thought,27
item,27
warn,26
kid,26
driving,26
honest,26
push,26
face,26
period,26
story,26
truly,26
k,26
pleasantly,26
anyway,26
support,26
careful,26
greet,26
there,26
select,26
computer,26
four,26
airline,25
major,25
folk,25
unless,25
important,25
client,25
wash,25
speed,25
los,25
filthy,25
report,25
ago,25
file,25
midnight,25
overcharge,25
picking,25
sound,25
cherokee,25
replace,25
fit,25
myers,25
screen,25
maybe,25
regard,25
invoice,25
repair,25
bait,24
administrative,24
angeles,24
incredibly,24
head,24
welcome,24
package,24
sunpass,24
unfortunately,24
interior,24
holiday,24
daily,24
pushy,24
rd,24
app,24
pre,24
confirm,24
fluid,24
post,24
x,24
suggest,24
working,23
booth,23
word,23
moment,23
competitor,23
expectation,23
grand,23
floor,23
sit,23
maintain,23
procedure,23
remove,23
unnecessary,23
fix,23
american,23
smoke,23
fault,23
access,23
corporate,23
exceed,23
timely,23
town,23
dropping,23
attentive,23
express,23
ll,23
specifically,23
box,23
direct,22
supervisor,22
initially,22
ignore,22
obviously,22
left,22
main,22
prove,22
often,22
five,22
flat,22
across,22
basic,22
department,22
sorry,22
reimburse,22
rush,22
addition,22
anywhere,22
suggestion,22
fl,22
mandatory,22
charger,22
beginning,22
cleanliness,22
feature,22
slc,22
figure,22
brake,22
instruction,21
oakland,21
basically,21
oil,21
fail,21
painless,21
daughter,21
group,21
touch,21
professionalism,21
remember,21
control,21
phx,21
steal,21
sense,21
collection,21
stuff,21
truck,21
bother,21
minor,21
mislead,21
step,20
country,20
unacceptable,20
plenty,20
u,20
sun,20
cool,20
ft,20
guess,20
direction,20
disappoint,20
fun,20
highway,20
gate,20
management,20
become,20
awful,20
product,20
straight,20
error,20
decision,20
traffic,20
bottom,20
unbelievable,20
replacement,20
snow,20
antonio,20
corolla,20
cash,20
store,19
prepaid,19
going,19
confusing,19
exact,19
deliver,19
world,19
accident,19
special,19
fall,19
luckily,19
unexpected,19
luck,19
satisfy,19
land,19
law,19
stick,19
fully,19
respectful,19
economy,19
glad,19
shop,19
near,19
optional,19
advertise,19
santa,18
nearly,18
usa,18
burbank,18
user,18
ticket,18
copy,18
hyundai,18
demand,18
unable,18
engine,18
honestly,18
estimate,18
match,18
costumer,18
wise,18
deny,18
stain,18
nd,18
seatac,18
mr,18
room,18
stress,18
separate,18
appear,18
convenience,18
maintenance,18
deserve,18
safety,18
hundred,18
buck,18
addon,17
fe,17
bookingcom,17
upset,17
lucky,17
advantage,17
space,17
code,17
unprofessional,17
scamme,17
water,17
increase,17
web,17
notch,17
mini,17
pleased,17
tow,17
stressful,17
statement,17
chicago,17
schedule,17
assign,17
hesitate,17
son,17
usd,17
mountain,16
current,16
ohare,16
nissan,16
inconvenience,16
reward,16
n,16
argue,16
individual,16
advice,16
photo,16
requirement,16
mco,16
impress,16
google,16
disappointed,16
passport,16
blow,16
apparently,16
gps,16
discover,16
ac,16
elsewhere,16
fraud,16
enjoyable,16
sort,16
non,16
waiver,16
national,16
shady,16
difficulty,16
platepass,16
general,16
transfer,16
hot,16
refunded,16
sweet,15
emergency,15
adjust,15
numerous,15
reimbursement,15
weekend,15
deceptive,15
spouse,15
chance,15
insist,15
cold,15
tactic,15
impossible,15
hesitant,15
lock,15
crew,15
guarantee,15
expense,15
assure,15
reputable,15
reserved,15
comment,15
sky,15
wipe,15
suvs,15
inspection,15
eventually,15
distance,15
manage,15
imagine,15
repeat,15
along,15
frustration,15
exterior,15
share,15
interact,15
penalty,15
oh,15
saving,15
satisfaction,15
improve,15
effort,15
train,15
present,15
exit,15
incident,15
prepare,15
perfectly,14
miles,14
secure,14
enter,14
collect,14
recommendation,14
middle,14
knowledge,14
cut,14
times,14
result,14
nobody,14
upsale,14
piece,14
proceed,14
eye,14
shock,14
connect,14
idea,14
bank,14
ruin,14
proof,14
delivery,14
grateful,14
apply,14
recent,14
usual,14
journey,14
spare,14
interaction,14
dishonest,14
inspect,14
loss,14
weather,14
strand,14
manner,14
upfront,14
exist,14
valid,14
annoying,14
operation,14
skill,14
extension,14
thorough,14
shame,14
normally,14
july,13
confuse,13
admin,13
april,13
aspect,13
departure,13
challenge,13
street,13
conversation,13
appreciated,13
perform,13
beautiful,13
attend,13
kia,13
efficiently,13
fll,13
build,13
signing,13
mid,13
impression,13
category,13
saturday,13
greatly,13
chrysler,13
joke,13
frequently,13
atlanta,13
operate,13
uk,13
ontario,13
jump,13
effortless,13
west,13
promptly,13
courtesy,13
worst,13
alternative,13
taxi,13
jack,13
reverse,13
evening,13
shake,13
incredible,13
cigarette,13
together,13
ldw,13
modify,13
certainly,13
wisecar,13
mitsubishi,13
normal,13
responsible,13
typical,13
rav,13
thief,13
single,13
ie,13
communication,13
con,13
transponder,13
lead,13
generally,13
black,13
dark,12
excessive,12
amex,12
straightforward,12
ford,12
die,12
fight,12
availability,12
scammer,12
whether,12
rain,12
automatically,12
speedy,12
strongly,12
cancellation,12
transportation,12
favorite,12
crazy,12
solution,12
spotless,12
till,12
suck,12
discuss,12
tear,12
necessary,12
wanted,12
came,12
traveler,12
hr,12
october,12
warning,12
angel,12
outlander,12
program,12
gal,12
wrangl,12
create,12
prefer,12
mexico,12
dangerous,12
warm,12
rear,12
vacuum,12
properly,12
frustrating,12
raise,12
visa,12
blame,12
dash,12
consistently,12
crack,12
june,12
wrangler,11
adjustment,11
december,11
suitcase,11
research,11
canada,11
bunch,11
jose,11
letter,11
brenda,11
provider,11
seriously,11
nervous,11
signature,11
roll,11
noise,11
watch,11
whatsoever,11
transparent,11
trick,11
fraudulent,11
hybrid,11
bumper,11
owe,11
helped,11
midsize,11
dashboard,11
bald,11
dirt,11
act,11
az,11
washer,11
automate,11
b,11
orbitz,11
baggage,11
incur,11
steering,11
register,11
concerned,11
frequent,11
retrieve,11
protection,11
collision,11
survey,11
false,11
pocket,11
understanding,11
god,11
cc,11
benefit,11
trunk,11
march,11
kindness,11
mechanical,11
sport,11
limit,11
priority,11
carpet,11
neither,11
perhaps,11
ding,11
nightmare,10
inexpensive,10
reception,10
repeatedly,10
pop,10
screw,10
six,10
age,10
solve,10
badly,10
competent,10
colorado,10
east,10
funny,10
vs,10
assume,10
building,10
processing,10
harbor,10
steer,10
c,10
internet,10
doubt,10
spray,10
electronic,10
various,10
skeptical,10
search,10
personally,10
acceptable,10
john,10
own,10
exceptionally,10
hole,10
throw,10
unknown,10
previously,10
page,10
favor,10
ben,10
standing,10
duty,10
cell,10
board,10
calm,10
trash,10
downside,10
regular,10
whatever,10
south,10
settle,10
travelocity,10
test,10
spacious,10
terrific,10
awd,10
shot,10
barely,10
hopefully,10
miguel,10
everybody,10
mess,10
pad,10
wellmaintaine,10
headache,10
refer,10
obvious,10
wd,10
anymore,10
stressfree,10
refundable,10
gauge,10
alone,10
significantly,10
unpleasant,10
documentation,10
shut,10
somewhere,10
hair,10
interested,9
lisa,9
likely,9
opinion,9
awhile,9
rentalcarscom,9
possibly,9
glass,9
helpfull,9
experienced,9
delightful,9
lower,9
pain,9
play,9
lesson,9
navigation,9
inconvenient,9
foot,9
involve,9
bs,9
wonder,9
thankfully,9
he,9
superb,9
aggressive,9
thankful,9
function,9
comparable,9
loud,9
gladly,9
balance,9
excuse,9
apart,9
downgrade,9
english,9
upselle,9
luxury,9
specific,9
gave,9
recognize,9
should,9
waive,9
afternoon,9
accord,9
genuinely,9
common,9
carefully,9
disgusted,9
branch,9
minimum,9
fullsize,9
kiosk,9
disgusting,9
approach,9
log,9
particular,9
tiny,9
sedan,9
besides,9
capital,9
consumer,9
average,9
text,9
describe,9
closed,9
supplemental,9
rebook,9
admit,9
incorrect,9
action,9
texas,9
kudo,9
wedding,9
anticipate,9
round,9
game,9
preferred,9
lovely,9
henry,9
competition,9
january,9
ability,9
purpose,9
fool,9
occasion,9
flawless,9
occur,9
higher,9
swift,9
variety,9
toronto,9
mostly,9
opt,8
disappointing,8
somewhat,8
power,8
familiar,8
co,8
hurricane,8
lane,8
news,8
confusion,8
fortunately,8
lease,8
nicely,8
ten,8
remote,8
military,8
deceive,8
mehdi,8
seven,8
regret,8
forever,8
sometimes,8
respect,8
flexibility,8
professionally,8
impressed,8
compensate,8
alignment,8
consistent,8
strong,8
throughout,8
effective,8
display,8
spring,8
juan,8
appropriate,8
fleet,8
county,8
thoroughly,8
february,8
genuine,8
alert,8
thomas,8
shift,8
equal,8
industry,8
signage,8
durango,8
rule,8
bbb,8
prepayment,8
track,8
escalate,8
human,8
needless,8
f,8
expire,8
somehow,8
europe,8
anybody,8
dead,8
what,8
event,8
freeway,8
minimal,8
opportunity,8
cheat,8
mph,8
reasonably,8
minutes,8
sized,8
absurd,8
mpg,8
tough,8
mail,8
personality,8
feedback,8
regardless,8
depend,8
penny,8
arizona,8
jacksonville,8
dfw,8
easier,8
safely,8
bc,8
arrangement,8
load,8
weed,8
liar,8
struggle,8
currently,8
house,8
she,8
notify,8
max,8
got,8
dream,8
blade,8
relatively,8
thinking,8
opposite,8
adult,8
mother,8
valuable,8
body,8
hence,8
loose,8
rogue,8
aus,8
backpack,8
legal,8
hectic,8
serious,8
dallas,8
nearby,8
useless,8
towards,8
ace,8
el,7
platform,7
deceitful,7
excess,7
bridge,7
impressive,7
alot,7
anytime,7
saw,7
coupon,7
remain,7
atl,7
success,7
obtain,7
organize,7
manually,7
airlines,7
cup,7
explicitly,7
checking,7
degree,7
loyal,7
holder,7
illegal,7
buyer,7
circumstance,7
limited,7
ridiculously,7
alamo,7
sincerely,7
assistant,7
to,7
pleasurable,7
shout,7
challenger,7
cruise,7
emilio,7
telephone,7
carleena,7
vendor,7
baby,7
proper,7
dept,7
desire,7
lure,7
everywhere,7
mobile,7
noon,7
encourage,7
supply,7
dec,7
hung,7
bug,7
reduce,7
pandemic,7
radio,7
white,7
therefore,7
forgot,7
efficiency,7
sister,7
gotten,7
chip,7
rough,7
unsafe,7
onto,7
upsold,7
quarter,7
worried,7
august,7
reserving,7
all,7
l,7
machine,7
hub,7
acknowledge,7
slightly,7
training,7
communicate,7
resolution,7
defraud,7
inventory,7
nowhere,7
fan,7
fabulous,7
profile,7
pbi,7
nasty,7
upstairs,7
de,7
self,7
relate,7
closing,7
utah,7
registration,7
carry,7
regularly,7
verify,7
houston,7
equivalent,7
canadian,7
orange,7
particularly,7
tip,7
accessible,7
economical,7
comfort,7
winter,7
fake,7
password,7
expedite,7
guide,7
recieve,7
rock,7
example,7
orient,7
ripoff,7
automobile,7
device,7
anthony,7
android,7
cs,7
disconnect,7
somebody,7
ton,7
swap,7
goto,7
crowd,7
victoria,7
angry,7
que,7
hasslefree,7
cheerful,7
reading,6
thrifty,6
transport,6
approximately,6
streamline,6
apple,6
beach,6
delight,6
lousy,6
apologize,6
cars,6
wobble,6
booster,6
kalki,6
dry,6
realise,6
duration,6
faulty,6
anna,6
refresh,6
smart,6
affect,6
aside,6
unclear,6
bargain,6
offairport,6
conveniently,6
wow,6
coast,6
ended,6
licence,6
donna,6
mine,6
equally,6
social,6
unavailable,6
up,6
tread,6
represent,6
volume,6
wave,6
fear,6
restriction,6
responsibility,6
unethical,6
truth,6
mike,6
interest,6
asset,6
fyi,6
draw,6
depot,6
pro,6
bay,6
afterwards,6
foxrentacar,6
supposedly,6
unhappy,6
organization,6
stuck,6
performance,6
handicap,6
appointment,6
cross,6
tag,6
voicemail,6
adequate,6
exception,6
engage,6
sunglass,6
dozen,6
reflect,6
christina,6
tram,6
e,6
flexible,6
citizen,6
permit,6
vu,6
medium,6
michigan,6
indeed,6
philippine,6
seek,6
unfair,6
maricel,6
virus,6
unbeatable,6
predatory,6
excited,6
stellar,6
rsw,6
tx,6
dia,6
feeling,6
lineup,6
frustrated,6
making,6
correctly,6
pressured,6
rectify,6
risk,6
heat,6
certain,6
h,6
unhelpful,6
ur,6
wallet,6
range,6
lengthy,6
significant,6
verbally,6
cabo,6
frustrate,6
compensation,6
language,6
gracious,6
hate,6
ground,6
chase,6
megan,6
everyday,6
mexican,6
release,6
jackie,6
odor,6
video,6
falsely,6
soul,6
underage,6
refill,6
myron,6
caravan,6
selling,6
grab,6
boot,6
tech,6
understaffed,6
glitch,6
rob,6
wayne,6
satisfactory,6
politely,6
cent,6
section,6
wrench,6
al,6
convertible,6
additionally,6
north,6
roomy,6
disclose,6
guest,6
junk,6
laugh,6
solid,6
dog,6
chose,6
equip,6
pin,6
designate,5
glove,5
logo,5
loyalty,5
chris,5
iphone,5
patience,5
mouse,5
sand,5
intermediate,5
conditioning,5
drawback,5
rented,5
ultimately,5
alternate,5
kept,5
peasy,5
accurate,5
responsive,5
improvement,5
rattle,5
sna,5
myer,5
receptionist,5
cordial,5
sjc,5
gasoline,5
laura,5
foxrentacarcom,5
ricardo,5
gear,5
upcoming,5
tourist,5
mainstream,5
mins,5
mask,5
rentalcar,5
pende,5
burn,5
accountability,5
forth,5
nonsense,5
mat,5
prepaying,5
explorer,5
sept,5
everytime,5
compassionate,5
liable,5
property,5
g,5
refueling,5
death,5
par,5
november,5
crap,5
mary,5
announce,5
cdw,5
whenever,5
count,5
visible,5
commitment,5
leg,5
theft,5
esmerelda,5
ethic,5
discourage,5
behavior,5
ideal,5
lay,5
felt,5
friendliness,5
bump,5
reset,5
grant,5
arrange,5
tried,5
went,5
costco,5
visitor,5
tax,5
ez,5
legally,5
row,5
understandable,5
odd,5
transparency,5
explore,5
guidance,5
criminal,5
club,5
attorney,5
penalize,5
slight,5
empathy,5
offering,5
suit,5
underhande,5
goodness,5
pilot,5
press,5
mom,5
commission,5
merchant,5
compartment,5
unbelievably,5
pursue,5
supportive,5
friday,5
membership,5
integrity,5
abroad,5
desperate,5
knowing,5
ord,5
unfriendly,5
ny,5
finger,5
inch,5
pristine,5
shoot,5
version,5
scrape,5
equipment,5
prebooke,5
insane,5
took,5
naz,5
extreme,5
hopper,5
digital,5
authorize,5
considerably,5
smelly,5
hardly,5
unfortunate,5
tofrom,5
stupid,5
witness,5
insure,5
toddler,5
produce,5
september,5
setup,5
amber,5
aug,5
contribute,5
immaculate,5
giant,5
essentially,5
greg,5
trailer,5
temporary,5
alarm,5
phenomenal,5
le,5
headlight,5
scan,5
eg,5
tpa,5
artist,5
summary,5
suddenly,5
outrageous,5
coolant,5
caution,5
impact,5
forfeit,5
rebooke,5
carplay,5
wildfire,5
reject,5
palm,5
annoy,5
opening,5
panel,5
permission,5
appal,5
puerto,5
wet,5
spending,5
slowly,5
rare,5
tier,5
birthday,5
stall,5
leak,5
economic,5
proud,5
promotion,5
transition,5
instruct,5
meyer,5
technology,5
hurry,5
rosalia,5
surcharge,5
frankly,5
til,5
pitch,5
mia,5
flow,5
fob,5
utilize,5
health,5
suitable,5
confidence,5
link,5
premium,5
click,5
female,5
guard,5
timing,5
thus,5
christmas,5
keith,4
clue,4
upselling,4
sienna,4
fro,4
w,4
noticed,4
cookie,4
mei,4
intake,4
worn,4
telling,4
josh,4
shortly,4
boy,4
christopher,4
maximum,4
description,4
plastic,4
firm,4
orbit,4
misunderstand,4
smear,4
wake,4
brother,4
scare,4
ipad,4
plaza,4
william,4
crowded,4
century,4
schwab,4
wire,4
definately,4
falsify,4
ciara,4
vallarta,4
carlos,4
weekly,4
warrant,4
substandard,4
bonus,4
simplicity,4
nevada,4
immediate,4
surprisingly,4
taking,4
thousand,4
sub,4
blvd,4
camera,4
welcoming,4
few,4
detailed,4
nader,4
subpar,4
official,4
film,4
blank,4
tablet,4
kick,4
premise,4
idp,4
fourth,4
reference,4
flawlessly,4
gouge,4
staying,4
nicer,4
prevent,4
helping,4
recording,4
caller,4
belt,4
poorly,4
thursday,4
exorbitant,4
protest,4
prescription,4
strange,4
pricelinecom,4
police,4
glare,4
itemize,4
purchasing,4
ski,4
virtually,4
bottle,4
red,4
legitimate,4
evident,4
retune,4
sli,4
ivan,4
filing,4
versus,4
field,4
hesitation,4
food,4
possession,4
incompetent,4
avail,4
dumb,4
colleen,4
screenshot,4
oct,4
tall,4
employ,4
humor,4
facebook,4
pray,4
transmission,4
conclusion,4
cosmetic,4
elderly,4
terribly,4
disgraceful,4
yuma,4
onsite,4
investigate,4
michael,4
milage,4
sunday,4
investigation,4
snuck,4
grace,4
georgia,4
hospital,4
private,4
usaa,4
understatement,4
crappy,4
unaware,4
route,4
market,4
partner,4
beforehand,4
pen,4
topnotch,4
compass,4
gross,4
foreign,4
landing,4
lo,4
apologetic,4
protect,4
specify,4
earth,4
eat,4
mobility,4
intend,4
urge,4
aaa,4
ravian,4
arm,4
daytime,4
sufficient,4
servicei,4
fund,4
spoil,4
annoyed,4
expedition,4
sevice,4
cancelation,4
jan,4
en,4
mi,4
tori,4
dinge,4
measure,4
advertising,4
robbery,4
blah,4
declare,4
mercede,4
primary,4
andrew,4
grow,4
resident,4
coronavirus,4
whoever,4
broken,4
thoughtful,4
convince,4
afraid,4
mirror,4
ppl,4
nov,4
authority,4
layover,4
eurocar,4
loop,4
facilitate,4
generous,4
block,4
carrentalscom,4
seemless,4
attach,4
accidentally,4
exhausted,4
prepared,4
storm,4
recall,4
delta,4
france,4
inquire,4
lemon,4
asap,4
activity,4
filter,4
consume,4
hospitable,4
massive,4
voice,4
cleaning,4
drug,4
nope,4
random,4
expedias,4
hell,4
angline,4
math,4
advanced,4
accommodation,4
kany,4
cleaner,4
boyfriend,4
unlike,4
marcus,4
sadly,4
skiing,4
bernardo,4
tsa,4
here,4
approx,4
veronica,4
mistakenly,4
establishment,4
reader,4
mad,4
oppose,4
overly,4
sometime,4
nonexistent,4
dedication,4
israel,4
carrier,4
olufemi,4
lunch,4
done,4
lol,4
cart,4
den,4
expose,4
ceo,4
outskirt,4
hospitality,4
instantly,4
downstairs,4
fire,4
apology,4
among,4
dependable,4
peak,4
neglect,4
heck,4
nerve,4
lyft,4
medical,4
wilbur,4
valerie,4
highlight,4
history,4
kindly,4
inout,4
mixed,4
hobby,4
magically,4
hitch,4
public,4
pic,4
graduation,4
joy,3
wellknown,3
nail,3
sneaky,3
cari,3
employer,3
browser,3
failure,3
aim,3
nozzle,3
wednesday,3
usb,3
yosemite,3
it,3
gathering,3
birth,3
grandchild,3
relieve,3
anxiety,3
plain,3
button,3
asking,3
sht,3
surround,3
ar,3
factor,3
consent,3
amazingly,3
cheater,3
overdue,3
dinner,3
esmeralda,3
said,3
dad,3
in,3
aric,3
minus,3
btw,3
jr,3
suspicious,3
garbage,3
justin,3
mainly,3
pump,3
notification,3
constant,3
given,3
marie,3
hood,3
argument,3
murano,3
outright,3
unusual,3
arrived,3
beatrice,3
horror,3
psi,3
kill,3
majority,3
relationship,3
lydia,3
smoking,3
userfriendly,3
operator,3
fuss,3
honda,3
washington,3
accordingly,3
cry,3
victor,3
instance,3
highquality,3
scheduling,3
earn,3
meagan,3
kevin,3
noisy,3
helpfulness,3
comparison,3
outfit,3
yeah,3
personel,3
technical,3
anil,3
bell,3
whistle,3
staffing,3
complimentary,3
wheelchair,3
scooter,3
scared,3
negotiate,3
exhaust,3
spectacular,3
reviewer,3
laptop,3
ons,3
budge,3
sleep,3
cable,3
states,3
score,3
carthe,3
aaron,3
processi,3
bro,3
turning,3
beautifully,3
comes,3
abigail,3
happily,3
slick,3
summer,3
costa,3
renew,3
exemplary,3
bright,3
tape,3
electronically,3
batter,3
embarrassed,3
apartment,3
technique,3
abandon,3
socalle,3
port,3
at,3
typically,3
pricey,3
wifi,3
unsuspecting,3
refuel,3
morocco,3
nowi,3
sunny,3
vibration,3
booked,3
debris,3
pride,3
les,3
basis,3
cake,3
sham,3
incorrectly,3
joanne,3
highlander,3
dismissive,3
bird,3
submit,3
useable,3
towel,3
specially,3
kidding,3
thick,3
partially,3
lastly,3
southwest,3
blind,3
stage,3
willingness,3
constantly,3
dealt,3
countless,3
undoubtedly,3
rentalthis,3
offset,3
oak,3
disaster,3
cite,3
corporation,3
snarky,3
sick,3
roach,3
mt,3
hello,3
relax,3
debt,3
youthis,3
male,3
desert,3
trade,3
abysmal,3
win,3
competitively,3
snowy,3
father,3
questionable,3
snap,3
evidence,3
acquire,3
aka,3
plague,3
noone,3
bounce,3
disgust,3
csr,3
shoddy,3
fasten,3
capture,3
tool,3
vehical,3
mohammed,3
belong,3
latoya,3
yell,3
recover,3
pack,3
overbooke,3
capacity,3
position,3
crank,3
ad,3
rid,3
overprice,3
lawyer,3
blatant,3
disregard,3
plug,3
seater,3
nonrefundable,3
paste,3
itinerary,3
overnight,3
neat,3
pie,3
promo,3
frill,3
extract,3
sting,3
hidden,3
calculate,3
lifetime,3
bind,3
unclean,3
miserable,3
expected,3
mood,3
takes,3
music,3
lawsuit,3
demeanor,3
quickthe,3
peace,3
clarity,3
golden,3
slip,3
precious,3
wherever,3
mazda,3
weary,3
source,3
unused,3
locally,3
solely,3
profit,3
utterly,3
strategy,3
assisting,3
downhill,3
resort,3
inperson,3
independent,3
insult,3
injury,3
query,3
unresponsive,3
disputing,3
shuddle,3
sentra,3
reluctantly,3
excite,3
confident,3
ana,3
sheet,3
ms,3
fraudster,3
misleading,3
amy,3
ahold,3
edge,3
appreciative,3
commendable,3
successful,3
regulation,3
swiftly,3
maps,3
stupidly,3
undisclosed,3
who,3
pa,3
nos,3
sympathetic,3
colleague,3
reputation,3
advertisement,3
treatment,3
relief,3
obscene,3
jhon,3
violently,3
extensive,3
routine,3
dan,3
upgrading,3
invalid,3
weigh,3
design,3
observe,3
imply,3
arise,3
roof,3
experiencethe,3
wander,3
essence,3
apprehensive,3
aggravation,3
francis,3
keyfob,3
potential,3
underhand,3
omar,3
charging,3
arguing,3
diana,3
intl,3
andor,3
install,3
proximity,3
sticker,3
cancun,3
knock,3
horrendous,3
seldom,3
usave,3
ezpass,3
view,3
boss,3
forbid,3
dime,3
spike,3
minded,3
rudely,3
extended,3
horrific,3
queue,3
ran,3
zone,3
voucher,3
businesss,3
impeccable,3
comfy,3
midsized,3
flash,3
squeaky,3
motion,3
heart,3
deonica,3
yrs,3
salesperson,3
rely,3
usage,3
clarissa,3
clarify,3
carjet,3
spain,3
pair,3
easyi,3
interrupt,3
semoran,3
newer,3
sf,3
fax,3
easygoing,3
confused,3
keeping,3
monday,3
expired,3
inability,3
stamp,3
maria,3
ken,3
problematic,3
cumbersome,3
trim,3
disappointment,3
moral,3
interruption,3
printer,3
carvery,3
character,3
toward,3
ample,3
trap,3
recourse,3
livia,3
secondly,3
hefty,3
spite,3
golf,3
hook,3
pearson,3
feed,3
aggravate,3
hassel,3
lobby,3
tamika,3
america,3
companyi,3
stock,3
marketing,3
examine,3
grade,3
calling,3
postpone,3
cylinder,3
advisor,3
respectfully,3
administration,3
brevan,3
pickupdropoff,3
barrier,3
incentive,3
oversell,3
agreed,3
animal,3
corrupt,3
damn,3
sonata,3
dust,3
amenity,3
sanitize,3
tone,3
inefficient,3
ish,3
hey,3
physically,3
sir,3
token,3
upbeat,3
runaround,3
recognition,3
eliminate,3
unorganized,3
david,3
rachida,3
rank,3
thanksgiving,3
p,3
cat,3
relative,3
dissatisfied,3
southern,3
cap,3
french,3
lowest,3
sour,3
nature,3
privacy,3
owner,3
robert,3
catalytic,3
converter,3
cautious,3
planning,3
traction,3
blatantly,3
sixt,3
defective,3
gesture,3
kayak,3
bureau,3
afford,3
nucar,3
snowstorm,3
intent,3
picky,3
spell,3
login,3
washing,3
deception,3
checked,3
reassure,3
anyways,2
faq,2
killer,2
reid,2
harry,2
decade,2
color,2
miraculously,2
haggle,2
italy,2
avei,2
sr,2
natalia,2
louder,2
unni,2
headquarters,2
silence,2
presence,2
intentionally,2
foxy,2
mount,2
sink,2
albeit,2
warmly,2
forfeiture,2
servicecar,2
int,2
confrontation,2
writing,2
publish,2
accuse,2
icy,2
profesional,2
locationthe,2
object,2
crooked,2
renegade,2
daniel,2
cheaper,2
peezy,2
questan,2
tedious,2
r,2
senior,2
dismay,2
precise,2
floorboard,2
methe,2
overpay,2
theme,2
unlucky,2
ian,2
concise,2
emily,2
defect,2
frequency,2
entrance,2
kenny,2
slide,2
finalize,2
judge,2
painful,2
nicole,2
tamica,2
accessibility,2
translate,2
interesting,2
noice,2
ice,2
torri,2
checkedin,2
victim,2
optione,2
flag,2
dare,2
satisfying,2
aileen,2
cynthia,2
console,2
identity,2
george,2
ge,2
identical,2
hassan,2
style,2
williams,2
jorge,2
veh,2
kali,2
seperate,2
hint,2
pu,2
napa,2
latter,2
universal,2
presentation,2
master,2
pheonix,2
scenario,2
obnoxious,2
helpfuli,2
furious,2
dealing,2
roam,2
squeaking,2
themit,2
behaviour,2
kinda,2
tack,2
gum,2
underlie,2
partial,2
disability,2
flatbe,2
cooperative,2
forced,2
seller,2
interpret,2
onerous,2
joelle,2
forewarned,2
insurrance,2
vet,2
mans,2
upreturn,2
shambolic,2
easyvery,2
warmth,2
isle,2
sleazy,2
alberdi,2
misinformation,2
portion,2
combination,2
thankyou,2
compassion,2
destiny,2
retrieval,2
moab,2
powerful,2
crash,2
completing,2
unreliable,2
photocopy,2
trusting,2
fashion,2
wee,2
nut,2
quiet,2
restroom,2
cj,2
yr,2
fulfil,2
bleep,2
maneuver,2
incidental,2
justify,2
walmart,2
forty,2
essential,2
creditcard,2
starting,2
elevator,2
phase,2
addressing,2
generate,2
percentage,2
culture,2
useful,2
persuade,2
reality,2
blast,2
carupon,2
slimy,2
shed,2
rodriguez,2
seating,2
waiste,2
lean,2
behold,2
appoint,2
toothe,2
followup,2
pet,2
fece,2
isolate,2
tend,2
financially,2
enquire,2
band,2
furthermore,2
inflate,2
turned,2
grate,2
blessing,2
vehiclethe,2
bolt,2
petrol,2
rival,2
omit,2
behave,2
fin,2
overwhelmed,2
na,2
remind,2
government,2
lily,2
demonstrate,2
ada,2
activate,2
falsehood,2
omission,2
meanwhile,2
king,2
cardi,2
esp,2
speaker,2
prevail,2
india,2
renta,2
gm,2
contrary,2
spoilt,2
happiness,2
tutt,2
eduardo,2
stephanie,2
cared,2
scott,2
outsource,2
inconsiderate,2
establish,2
background,2
extraordinary,2
flybynight,2
ohio,2
audio,2
accomodate,2
border,2
patch,2
raymond,2
nickel,2
accomplish,2
pile,2
triple,2
vlf,2
erf,2
behalf,2
mission,2
mishap,2
restrictive,2
uphill,2
sincere,2
echo,2
remarkable,2
explaining,2
mccarren,2
agencia,2
crawl,2
paraphernalia,2
disclosure,2
scuff,2
threat,2
brief,2
costly,2
differently,2
salesman,2
xs,2
bypass,2
relieved,2
logic,2
drove,2
scheme,2
physical,2
scroll,2
rang,2
retrain,2
servic,2
effectively,2
carolina,2
reservoir,2
detection,2
ship,2
reenter,2
rentalcover,2
haze,2
functionality,2
passion,2
liya,2
told,2
bate,2
memorable,2
moon,2
impose,2
hack,2
handling,2
stroller,2
operating,2
bon,2
thisi,2
experienceif,2
commend,2
foxx,2
peor,2
un,2
vehiculo,2
luego,2
isofix,2
carseat,2
tuesday,2
president,2
jet,2
rouge,2
competetive,2
preference,2
turo,2
dillon,2
insight,2
friendlyall,2
foxi,2
shahidah,2
approval,2
francine,2
patiently,2
oblige,2
harold,2
ceiling,2
alex,2
jaberi,2
million,2
sketchy,2
putter,2
bite,2
trisha,2
found,2
alway,2
threequarter,2
helpfulespecially,2
disabled,2
nebiyaht,2
beg,2
se,2
esta,2
desteny,2
inthe,2
meghan,2
net,2
gmc,2
thi,2
needed,2
defeat,2
reconfirm,2
cashless,2
sensor,2
fare,2
childi,2
spin,2
alive,2
recompense,2
dinero,2
por,2
dolare,2
residence,2
cab,2
girlfriend,2
removed,2
sporadically,2
negativity,2
tight,2
joseph,2
motor,2
tarmac,2
coffee,2
callback,2
uneasy,2
aswell,2
greedy,2
daylight,2
sudden,2
invite,2
sent,2
gent,2
definition,2
equipped,2
enable,2
reso,2
overhear,2
warehouse,2
streamlined,2
alter,2
contain,2
disappear,2
grandson,2
void,2
xday,2
gregory,2
tan,2
signal,2
nevet,2
spread,2
lied,2
paint,2
pedal,2
parent,2
mandate,2
cx,2
notwithstanding,2
network,2
maximize,2
outcome,2
fusion,2
v,2
pinky,2
diligent,2
layout,2
rack,2
reservationi,2
jay,2
carcar,2
educate,2
acquisition,2
drag,2
verified,2
modern,2
elizabeth,2
yellow,2
loved,2
fishy,2
readily,2
movement,2
vaccuum,2
ashe,2
ionizer,2
belief,2
multitude,2
classify,2
inlaw,2
comprehensive,2
expertise,2
enhance,2
revenue,2
satnav,2
download,2
shimmy,2
yvonne,2
status,2
joyful,2
brandnew,2
boston,2
scream,2
label,2
edit,2
fist,2
neatly,2
continuous,2
zohair,2
themi,2
briefly,2
approve,2
sad,2
customeroriente,2
stepbystep,2
sea,2
zach,2
wrongly,2
airporti,2
sway,2
goodwill,2
bravo,2
unnecessarily,2
turnpike,2
trough,2
allwheel,2
twowheel,2
extortion,2
defend,2
island,2
roadtrip,2
skyrocket,2
baitandswitch,2
foxthank,2
reliability,2
grocery,2
hostile,2
alli,2
ekram,2
afterward,2
bummer,2
gimmick,2
skip,2
curtious,2
brush,2
limitation,2
untrue,2
pathetic,2
billed,2
emailed,2
glitchy,2
irritate,2
align,2
shortage,2
technically,2
did,2
tour,2
season,2
highend,2
shutdown,2
daysit,2
norman,2
refusal,2
orleans,2
vehiclei,2
serviceshe,2
influence,2
ear,2
onon,2
signatureinitial,2
bear,2
offshore,2
servicea,2
hop,2
vent,2
angle,2
luis,2
succession,2
thx,2
dishonesty,2
snag,2
organized,2
farah,2
ut,2
vail,2
mhr,2
outlet,2
aspen,2
jacksonvillefl,2
rag,2
hoop,2
grumpy,2
dishon,2
remit,2
hurt,2
actively,2
functional,2
finding,2
dismiss,2
clock,2
construction,2
conclude,2
inpick,2
perk,2
updrop,2
servicethe,2
backview,2
upside,2
ast,2
merry,2
faith,2
judgement,2
breakdown,2
servicethis,2
mere,2
propose,2
keeps,2
eclipse,2
himhe,2
keeper,2
leader,2
wa,2
grievance,2
wdawd,2
pacifica,2
deck,2
blemish,2
patricia,2
valeria,2
vibe,2
allot,2
hundreds,2
seems,2
blue,2
allinclusive,2
hollywood,2
seal,2
alonzo,2
overlook,2
sw,2
tyson,2
charnika,2
hearing,2
dr,2
daysthe,2
moreover,2
discrepancy,2
threeday,2
shorter,2
anxiously,2
superior,2
deliberately,2
latch,2
fling,2
headrest,2
silly,2
experiencefriendly,2
brilliant,2
manger,2
pike,2
ont,2
harshly,2
browse,2
yearold,2
stranger,2
downtown,2
jonathan,2
overbooking,2
budgetfriendly,2
commencement,2
importantly,2
bumpy,2
script,2
carr,2
seatbelt,2
flashlight,2
smudge,2
preinspection,2
agreedupon,2
initiate,2
tin,2
shoulder,2
unfamiliar,2
consumption,2
caveat,2
readiness,2
midway,2
indicator,2
goal,2
complex,2
deductible,2
hipaa,2
healthcare,2
considerable,2
staffer,2
mechanic,2
professionnal,2
mrnaz,2
hardworke,2
chevy,2
modification,2
remedy,2
crook,2
lord,2
truthful,2
unwilling,2
coincidence,2
thirty,2
toa,2
upsetting,2
lorenzo,2
sante,2
mouth,2
distancing,2
mirage,2
calle,2
rebate,2
fraudulently,2
disruption,2
removal,2
reckon,2
effect,2
shrug,2
reduction,2
roughly,2
preticket,2
reprimand,2
favorable,2
jerk,2
rudeness,2
experiance,2
green,2
marrakesh,2
adblue,2
backnever,2
fifteen,2
marking,2
retain,2
compete,2
scandal,2
backseat,2
awaythe,2
asterisk,2
customerservice,2
meaningful,2
lasvegas,2
elite,2
persist,2
surpass,2
chaotic,2
command,2
saying,2
fry,2
deplorable,2
hotspot,2
providing,2
worrying,2
nuisance,2
unlock,2
alphabet,2
united,2
mud,2
snd,2
spirit,2
painfully,2
corbin,2
belonging,2
mastercard,2
suburban,2
fastrak,2
filling,2
inc,2
curse,2
webpage,2
toss,2
bankrupt,2
odometer,2
scale,2
maggie,2
positivity,2
gratitude,2
tom,2
spear,2
nowadays,2
trying,2
experince,2
mesa,2
threaten,2
rentali,2
missing,2
jason,2
element,2
vast,2
swing,2
needle,2
appx,2
lysol,2
remotely,2
tissue,2
seeing,2
suited,2
suspect,2
heard,2
locationi,2
disconnected,2
tim,2
boulevard,2
smash,2
custom,2
greed,2
entitle,2
yesterday,2
fallout,2
gain,2
kate,2
inflation,2
role,2
wary,2
dish,2
helpfulcar,2
sight,2
unforseen,2
altima,2
square,2
informed,2
restaurant,2
choosing,2
continent,2
sanity,2
circle,2
perfection,2
congratulation,2
gift,2
evacuation,2
bothering,2
straighten,2
running,2
bare,2
incase,2
weird,2
freeze,2
turnaround,2
overbook,2
meeting,2
kona,2
employment,2
rockie,2
fresh,2
connection,2
reconsider,2
loading,2
unsatisfactory,2
doubledouble,2
rich,2
meantime,2
soft,2
fla,2
server,2
onboard,2
jul,2
swipe,2
catherine,2
inclusive,2
oregan,2
pawn,2
intact,2
upcharge,2
bull,2
deserves,2
tollpass,2
fianc,2
breezy,2
ball,2
flightso,2
bury,2
madison,2
wi,2
session,2
expiration,2
peaceful,2
continually,2
paid,2
indicating,2
walgreen,2
lv,2
continuously,2
compound,2
surgery,2
metal,2
storage,2
tomorrow,2
evaline,2
jetta,2
grease,2
rola,2
spanish,2
characteristic,2
uncomfortable,2
hiccup,2
automatic,2
shopping,2
balanced,2
camaro,2
yellowstone,2
leaving,2
jaman,2
idalia,2
rubbish,2
peril,2
knowledgable,2
restless,2
resubmit,2
robo,2
brian,2
gem,2
hardship,2
nav,2
bluetooth,2
approachable,2
realistic,2
started,2
trek,2
invisible,2
grandmother,2
interstate,2
unexpectedly,2
kimberly,2
allie,2
off,2
seamlessly,2
environment,2
lamp,2
cdn,2
equate,2
inferior,2
dispatch,2
unit,2
deep,2
prey,2
jelisa,2
talkative,2
clueless,2
aunt,2
recomiendo,2
barato,2
clog,2
mustang,2
montana,2
ramp,2
pure,2
charged,2
on,2
personalize,2
recharge,2
introduce,2
safari,2
millage,2
shabby,2
application,2
hailey,2
recorder,2
ashame,2
insurer,2
aceptable,1
autoslash,1
customersvery,1
unprofessionalby,1
gasit,1
ratescar,1
snippyrude,1
input,1
aggravating,1
sothank,1
increment,1
quailty,1
liquid,1
idiot,1
jour,1
insteadjust,1
flaw,1
ae,1
lex,1
promt,1
posh,1
refunding,1
magnificent,1
sucker,1
glitche,1
reservedi,1
companywa,1
nullifie,1
impatient,1
readiedby,1
themand,1
slowand,1
deskvery,1
vehiclethere,1
shack,1
advertisingwhen,1
kudos,1
returninspection,1
howthis,1
fobwould,1
unlocking,1
abundance,1
mortified,1
village,1
curry,1
camrydrove,1
yaris,1
lying,1
timley,1
superfriendly,1
neica,1
paperworktook,1
locky,1
abandonate,1
needsphillybob,1
clockwork,1
govt,1
worldwide,1
booker,1
holding,1
excellentexcellentexcellent,1
foran,1
glow,1
frkm,1
bookingcm,1
correctable,1
locationshame,1
stardue,1
javier,1
nathan,1
airtrain,1
unannounced,1
midsizeeconomy,1
eagerness,1
presentable,1
cardwhen,1
deduct,1
servicealthough,1
pricepros,1
waitcon,1
attemptsst,1
counterafter,1
retraineda,1
finch,1
bottomi,1
revision,1
serviceexcellent,1
yrep,1
thr,1
hotrod,1
burger,1
flip,1
nicecar,1
onlinelikethe,1
dislikelocation,1
abuse,1
apologeticstillnot,1
abrams,1
civilian,1
jam,1
proactively,1
forest,1
suprise,1
customeranother,1
willful,1
counting,1
mercy,1
seethere,1
anther,1
celebrate,1
hertzplease,1
ass,1
cheerfully,1
fineupdate,1
coveredthe,1
lowcost,1
goodi,1
serviceable,1
yohanna,1
timesv,1
situate,1
indsude,1
lapse,1
daysfox,1
productgate,1
tirem,1
instal,1
extensively,1
verbal,1
requires,1
fasttak,1
polarity,1
similarly,1
teaser,1
ffxaf,1
againconfirmation,1
corneredwe,1
diving,1
acquaint,1
tune,1
song,1
shark,1
soothe,1
onetime,1
assess,1
congestion,1
companyuse,1
againsame,1
drivability,1
determine,1
drivable,1
sedona,1
securely,1
usthe,1
rolle,1
extraordinarycorey,1
marya,1
chargesplanne,1
monkeys,1
disintegrate,1
rainstorm,1
displease,1
exellect,1
seamlesss,1
happened,1
camrylike,1
finishaweeome,1
muss,1
separately,1
intimidate,1
santafe,1
workersi,1
shutle,1
overnot,1
pleasing,1
smelling,1
excessively,1
unnoticed,1
airportrental,1
realizable,1
unique,1
presentwill,1
availableaoril,1
distribute,1
tooon,1
gritty,1
backup,1
professionaland,1
lightfoot,1
travis,1
terminalsthe,1
resolving,1
ga,1
challenging,1
hilary,1
tropical,1
staffan,1
imperfection,1
cringe,1
helicopter,1
angelesthat,1
secured,1
wasting,1
identify,1
delighted,1
prominent,1
overallreturne,1
kenn,1
onlinecompare,1
neccessary,1
workedi,1
innparticular,1
awsum,1
rope,1
snake,1
nighttime,1
tey,1
sweat,1
race,1
walkaround,1
baldmake,1
inconveniece,1
hasslecon,1
excelence,1
endthank,1
amt,1
allwys,1
fromi,1
ws,1
hisband,1
delayedoverall,1
ip,1
hrand,1
chargeback,1
arbitration,1
intentional,1
sneaking,1
teh,1
promptnessfriendly,1
robbing,1
scholarship,1
everybodys,1
rebecca,1
compliment,1
awayall,1
obligatory,1
manipulate,1
xx,1
transpire,1
lively,1
truthfully,1
felisha,1
retirementi,1
easythe,1
bond,1
healthy,1
yesaround,1
insistence,1
terrorism,1
indy,1
mthe,1
op,1
beatiful,1
consistency,1
opposed,1
prospective,1
pun,1
climate,1
political,1
ownership,1
disengage,1
throguh,1
offin,1
minuteswe,1
withwe,1
proficient,1
invoicethis,1
inadvertently,1
invoicea,1
mentioning,1
invoiceultimately,1
recur,1
underinflate,1
rutlandalways,1
monster,1
displeasure,1
rudewait,1
consthe,1
experiencepros,1
teamwork,1
flighttop,1
transcontinental,1
alcohol,1
drink,1
ckean,1
guise,1
nethowever,1
wantreturne,1
carb,1
associatesfrom,1
saftisfactory,1
markup,1
uprenting,1
tripreturn,1
malpractice,1
dotcom,1
companyive,1
mindful,1
external,1
edson,1
vickie,1
ricky,1
excellentthank,1
unloader,1
thruput,1
disrespectful,1
quickon,1
freandly,1
renyltal,1
inoperable,1
withthe,1
diligence,1
ggate,1
shittle,1
simplify,1
kamy,1
niceclean,1
vue,1
marco,1
linei,1
processwill,1
goodprice,1
fourdoor,1
efficientlike,1
mileslike,1
practically,1
midweek,1
disengagement,1
idlerough,1
carrental,1
agen,1
passive,1
covered,1
asapexcellent,1
foggy,1
joyfully,1
experiencethank,1
recomente,1
marine,1
beachmr,1
protective,1
federal,1
violate,1
companys,1
maydel,1
hospitalize,1
playing,1
surpriseeverythe,1
expectedprice,1
apperciate,1
hjab,1
exper,1
wound,1
staffeasy,1
knotch,1
ernesto,1
graveyard,1
jaime,1
phoenixs,1
rightsize,1
satellite,1
carbut,1
servicereturne,1
interpersonal,1
locationinside,1
servicefox,1
garland,1
downsize,1
carris,1
ruth,1
arshae,1
cargreat,1
benz,1
bangforthe,1
boring,1
nephew,1
gaylene,1
downtobusiness,1
overmalfunction,1
jovani,1
restitution,1
financial,1
unsure,1
lication,1
motorist,1
complement,1
walker,1
satisfiedfriendly,1
contribution,1
utahs,1
serviceoil,1
replenish,1
reliablewe,1
tidy,1
outrageously,1
doris,1
defiantly,1
cheeroke,1
mire,1
finsh,1
nurental,1
horroble,1
patty,1
mix,1
speaking,1
vince,1
uploaded,1
sa,1
offnice,1
scary,1
rentacenter,1
accuracythe,1
zohir,1
gifted,1
formality,1
downstair,1
thanx,1
carfor,1
excellentthe,1
rotor,1
guymy,1
shine,1
trench,1
rentalvery,1
vehiclegreat,1
returningthe,1
pricelineat,1
forefeit,1
nonmodifyable,1
noncancellable,1
school,1
phrase,1
perceive,1
sameday,1
therei,1
marilynnvalorie,1
diegoalways,1
ugh,1
untimely,1
oncoming,1
wrecklessly,1
racking,1
gia,1
pendon,1
executive,1
dennis,1
val,1
drs,1
stroke,1
wasy,1
eventhough,1
prioritize,1
appreciation,1
chanika,1
peoplehelper,1
tooooo,1
arron,1
satisfactionthe,1
memory,1
brianna,1
jesse,1
elevate,1
temperament,1
qualm,1
height,1
splendidly,1
fetch,1
fraught,1
fahee,1
abusive,1
disadvantage,1
discordant,1
validity,1
nassar,1
mchayla,1
natural,1
kady,1
russell,1
starthowever,1
carrentaland,1
burden,1
gr,1
illness,1
tripadvisor,1
hereeveryone,1
faheed,1
worked,1
offreturn,1
emanuel,1
centrally,1
bookingoverall,1
bookedthe,1
airportthere,1
vehiclesvery,1
experiencegood,1
gothe,1
busdesirable,1
pleasantin,1
suvno,1
edward,1
kerrie,1
entertaining,1
smoker,1
outing,1
insightful,1
hiden,1
waybut,1
sensation,1
uday,1
areisha,1
ecosuv,1
fragment,1
dig,1
existent,1
experiencei,1
bettercustomer,1
activatedthe,1
fluster,1
candrade,1
energetic,1
midafternoon,1
popular,1
anythingreturn,1
dentsbig,1
uswa,1
sacrifice,1
sd,1
frac,1
used,1
rentaldont,1
scrambling,1
calgary,1
friendlygood,1
transit,1
devastating,1
helpfulfast,1
gould,1
rarity,1
smelled,1
antoniotexas,1
halfway,1
idle,1
nick,1
equinox,1
perbooke,1
systemnone,1
uncomplicated,1
refreshingbig,1
acknowledgementthese,1
greece,1
rutland,1
operational,1
endingour,1
cuz,1
aruba,1
handover,1
americai,1
disorderly,1
countertheir,1
upgradethey,1
minep,1
returnable,1
ripoffthey,1
te,1
challeger,1
capturing,1
verge,1
revise,1
dock,1
urine,1
sufficiently,1
uncontrollable,1
checkinpickup,1
pickupreturn,1
loooong,1
sooooo,1
carthank,1
countereasy,1
providerseasy,1
pricelinecar,1
grossly,1
ecperience,1
mecanic,1
returna,1
officeeasy,1
tent,1
bookingthe,1
serviceease,1
introductioni,1
tithe,1
mea,1
differential,1
pcsllc,1
yousankofa,1
brotherthank,1
african,1
curly,1
gentle,1
clyde,1
finewhy,1
sold,1
larger,1
termsfox,1
experienceflexible,1
pricingi,1
pocketon,1
annuallyagain,1
chargesi,1
scamhidden,1
competitivewell,1
camery,1
soso,1
generating,1
companycompetitive,1
vehiclesthe,1
customerwellmaintained,1
staffupon,1
customize,1
experence,1
greatdrove,1
greate,1
heap,1
hamster,1
ap,1
betterall,1
spec,1
haul,1
tremendous,1
bucksyike,1
incasethat,1
customersconclusioni,1
attentiveness,1
servicethroughout,1
stressfreeexcellent,1
disagreement,1
argumentation,1
negotiation,1
visibility,1
shouted,1
shuttles,1
declaration,1
waitingtruck,1
upgradesbe,1
fm,1
cya,1
critical,1
properlyi,1
becausethe,1
awe,1
placefor,1
dislike,1
understandthank,1
hardearne,1
untrustworthy,1
reprehensiblea,1
customersto,1
focus,1
unacceptablefurthermore,1
noel,1
bitterness,1
jazz,1
amicable,1
conduct,1
audit,1
impatience,1
rancor,1
fur,1
everold,1
stressless,1
servicewith,1
leveltake,1
notate,1
dashthe,1
emty,1
carfuel,1
active,1
cleaed,1
bigwig,1
assortment,1
os,1
daywhen,1
conditionthe,1
greatreturn,1
fantasticcar,1
courteousi,1
waithe,1
excellentif,1
reliablealmost,1
bulb,1
nam,1
offgood,1
jameelaah,1
excellence,1
benchmark,1
greatness,1
miamiid,1
expre,1
milesthe,1
goo,1
addscar,1
labeling,1
explanatory,1
fiox,1
reserver,1
isaiah,1
transpo,1
breakfast,1
thrill,1
tinny,1
luggagetime,1
moise,1
ferry,1
deadline,1
easyemail,1
wthi,1
portal,1
foxso,1
milk,1
kindhearted,1
bearable,1
xannon,1
vehiclechecklist,1
firsttime,1
closedminde,1
officer,1
jameelaahoperational,1
oaklandca,1
disposal,1
cornflake,1
oatmeal,1
airportalthough,1
requiretoll,1
fromstaff,1
jamila,1
disable,1
darryl,1
ladronesthe,1
uno,1
pagando,1
termine,1
estafado,1
devolver,1
quieren,1
subtly,1
coincidentally,1
dotlikewise,1
dontae,1
easywould,1
ontime,1
disheartening,1
unmanned,1
shuttlesnon,1
exceedingly,1
slam,1
cleanthank,1
itthe,1
mystery,1
sedonai,1
timehowever,1
smansy,1
fancy,1
leading,1
outoflocation,1
empresa,1
residencia,1
pais,1
regrese,1
despue,1
hicieron,1
es,1
cual,1
del,1
cargo,1
cobraron,1
entregar,1
recomend,1
kristina,1
everliterally,1
mos,1
coal,1
rake,1
alquilamos,1
yo,1
esposa,1
vehicuko,1
rentar,1
experiencia,1
slime,1
purposewe,1
def,1
sudan,1
dropbox,1
utmost,1
atention,1
experienceone,1
madeleine,1
sunshine,1
bail,1
rafek,1
unforgive,1
edger,1
maddy,1
preload,1
genial,1
attentively,1
easeesmereldas,1
pessimistic,1
snack,1
contrast,1
getaway,1
finishin,1
enthusiasm,1
atmosphere,1
creating,1
infectious,1
careesmerelda,1
showcase,1
practical,1
unwavering,1
surprisesthroughout,1
meticulously,1
thoroughness,1
organizational,1
periodesmerelda,1
shone,1
esmereldas,1
substantiate,1
facilitys,1
californiaon,1
gutte,1
jax,1
expertly,1
qubec,1
kindnathalie,1
ftc,1
enoughthey,1
recommendrent,1
lossofuse,1
underneath,1
rainother,1
helpingnot,1
wholeheartedly,1
greatoverall,1
jockeyawesome,1
gripe,1
guzzler,1
greatonly,1
smokegreat,1
wireless,1
todate,1
avoidable,1
becuase,1
forerunner,1
extraordinarily,1
ftccfpb,1
spoke,1
bogus,1
reiterate,1
tho,1
orderedin,1
nonintuitive,1
royalty,1
turnin,1
oscar,1
territorykat,1
earlyshuttle,1
bagsreturn,1
returnpick,1
traveling,1
sweetest,1
dwf,1
indicative,1
vancouver,1
insureance,1
monthly,1
foxeurope,1
rechecke,1
proposal,1
cheryl,1
wonderfully,1
pushback,1
dollarsthat,1
extrasso,1
si,1
layer,1
puncture,1
jovial,1
unforeseen,1
superfast,1
backward,1
maimi,1
barron,1
appreciatedgavino,1
passionate,1
monica,1
ret,1
easyfrom,1
favorably,1
appeal,1
trustworthy,1
slower,1
potentially,1
hopeful,1
chair,1
ongoing,1
partnership,1
econobox,1
underpowered,1
unexperienced,1
processxwa,1
consideration,1
nobrainer,1
rentalprocess,1
budgets,1
focused,1
comeback,1
radiobut,1
thak,1
employe,1
coworker,1
needscolleen,1
easycolleen,1
gabriel,1
edgar,1
nfl,1
newness,1
sank,1
ovrrr,1
sickness,1
sfois,1
francesco,1
thathe,1
yearwe,1
texted,1
prize,1
deposite,1
powered,1
surprisecomfortable,1
abruptly,1
maniac,1
foror,1
duper,1
alpha,1
takekasp,1
services,1
refrain,1
rocks,1
msrola,1
drawnout,1
ottawa,1
othersyve,1
foxthe,1
critique,1
easiness,1
muscle,1
checkingin,1
checkingout,1
winner,1
award,1
frontline,1
harass,1
reueste,1
thomass,1
shuttletake,1
luggagereturne,1
substantially,1
customercentric,1
epitomize,1
toledo,1
swf,1
helpfultravelling,1
ashley,1
wobblenoise,1
amthank,1
bless,1
darwin,1
aisle,1
splurge,1
usaafter,1
allowance,1
michelle,1
friendy,1
ridefaster,1
meryl,1
kordell,1
attire,1
chatter,1
pastor,1
substitute,1
veryfriendlyandinformativepick,1
drinking,1
handful,1
hike,1
trailhead,1
canyonland,1
arch,1
forceful,1
mint,1
availablegreat,1
costcowe,1
youcraig,1
differencethank,1
staffsvery,1
chargesprice,1
mario,1
creep,1
crumb,1
alongand,1
locationhappy,1
outconvenient,1
articulate,1
weree,1
convivence,1
gotvery,1
usaat,1
foundation,1
humorous,1
mist,1
linda,1
entail,1
chargejump,1
income,1
dominga,1
accomadating,1
knowledgablethe,1
anglines,1
autistic,1
jn,1
surpise,1
advantageous,1
embarrassing,1
negate,1
flighti,1
ratehad,1
restore,1
experiencevery,1
staion,1
staffbeware,1
wks,1
shoe,1
thrive,1
ththeir,1
bluntly,1
kickerit,1
smallerand,1
carso,1
tenant,1
lotwhen,1
gaswe,1
sorentoit,1
leandra,1
whew,1
hailstorm,1
grandview,1
servicefrom,1
experienceparticularly,1
ato,1
suing,1
tracker,1
teturn,1
nonlocal,1
mehit,1
carsall,1
entra,1
perfessional,1
fosx,1
woul,1
sportage,1
rearview,1
lame,1
boarding,1
minitrain,1
brought,1
skid,1
upgradethat,1
soke,1
manny,1
bummed,1
placealso,1
lesssatisfactory,1
signsdirection,1
lifesaver,1
needs,1
stars,1
airportit,1
againp,1
fron,1
offi,1
comfortableeasy,1
excellentcar,1
pricecounter,1
mixup,1
excitement,1
bur,1
destinys,1
vehicleoverall,1
investmentonly,1
plentiful,1
sweater,1
mitsu,1
pep,1
nofrill,1
agencys,1
stipulate,1
renters,1
horrid,1
slap,1
kani,1
troublesome,1
goodthe,1
competence,1
returnthere,1
agents,1
batting,1
buying,1
checout,1
remark,1
outgoing,1
cindy,1
forthright,1
brusk,1
screech,1
avispetrol,1
receiver,1
mileagethank,1
wmanagement,1
wmy,1
returnsthere,1
forewarn,1
originate,1
transitions,1
clorox,1
substance,1
sticky,1
complementary,1
gaz,1
conditionstaff,1
professionalchad,1
vanessa,1
expectationsour,1
enroll,1
shadow,1
execellent,1
spank,1
drama,1
whould,1
awayperson,1
issuesfox,1
excellenttoyota,1
sceptical,1
preparedservice,1
expectationswill,1
tameka,1
sitesunpass,1
wellcongratulation,1
inadequate,1
meand,1
numbersthen,1
romanian,1
discriminate,1
badi,1
vegasthe,1
xm,1
sirius,1
fortunate,1
spotout,1
itemthey,1
otherstogether,1
sixty,1
andrewexplaine,1
needsloved,1
sikkenga,1
awesomethank,1
panic,1
streaky,1
retrieving,1
pricequality,1
thanks,1
tanksaid,1
bop,1
unecessary,1
minuteseasy,1
shuttleoverall,1
storefront,1
incredulous,1
communicative,1
flyer,1
scum,1
publix,1
kim,1
nonstressful,1
extremly,1
xxxxxxxxxxx,1
radionavigation,1
licensed,1
rantacar,1
jaclyn,1
eva,1
graciousthank,1
sooo,1
rapidly,1
easyand,1
dorah,1
ty,1
stair,1
rashidah,1
kitchen,1
svu,1
overwhelm,1
pricefree,1
convient,1
shred,1
conditionall,1
linefox,1
impressionable,1
puzzle,1
reture,1
thirdly,1
relativley,1
firstly,1
gutless,1
chastise,1
shocked,1
aggressively,1
jetblue,1
offwe,1
booboo,1
rcc,1
hern,1
throughoput,1
couteous,1
oxytocin,1
milesi,1
cuevas,1
donery,1
pictureif,1
shockedperfect,1
conversational,1
guage,1
notarized,1
lauderdalehollywood,1
wouldafter,1
scrub,1
windex,1
companion,1
wyoming,1
offerings,1
bang,1
choicerunner,1
che,1
frustratinghowever,1
understandible,1
pricerate,1
vehiclegood,1
johanna,1
thnx,1
arnold,1
appearance,1
tuff,1
takeonly,1
sterling,1
forbaring,1
etci,1
nicethey,1
paymentwhen,1
gavei,1
angie,1
gail,1
deleting,1
vip,1
longdroppe,1
greatthe,1
complicate,1
blanket,1
exclusively,1
inline,1
fulfill,1
incheckout,1
tee,1
eill,1
usinv,1
foxend,1
coordination,1
servicebad,1
eagerly,1
waitingvery,1
taxiing,1
grime,1
insideout,1
itim,1
standpoint,1
arouse,1
francesca,1
nudge,1
alightly,1
delusional,1
rationally,1
authentic,1
abstract,1
dungeon,1
crv,1
confortable,1
pong,1
wil,1
processif,1
fabio,1
solidify,1
inconsistent,1
smirk,1
condescendingly,1
msrp,1
diurango,1
negatively,1
boom,1
prison,1
river,1
mississippi,1
greatif,1
staffvehicle,1
driververy,1
teach,1
outin,1
allay,1
efficienti,1
barber,1
debbie,1
allergie,1
thius,1
tailgate,1
driveability,1
crease,1
bacon,1
operations,1
satifactorily,1
troller,1
wass,1
hanry,1
decentsize,1
whiplash,1
thevehicle,1
tile,1
ridding,1
directional,1
bored,1
phenomenallady,1
takedown,1
stainscar,1
smellcar,1
renowne,1
amongst,1
foxeuropcar,1
flighthad,1
pulsate,1
friendless,1
standout,1
antiono,1
cleannew,1
agreementin,1
againa,1
rt,1
uptodate,1
primarily,1
gasoverall,1
scent,1
impeccably,1
receivedthe,1
efficientsuper,1
energy,1
inherently,1
upupdate,1
stinky,1
expedient,1
clinton,1
valu,1
overshadow,1
admittedly,1
occasionally,1
astronomical,1
flew,1
servicespeediness,1
teammanagement,1
sabrina,1
enjoyableoverall,1
californian,1
ausin,1
rentalchristinas,1
processus,1
smoot,1
improved,1
guidancerunaround,1
communicationprocess,1
uninterested,1
airportthey,1
slooooow,1
cloudburst,1
pricethe,1
barricade,1
punching,1
extravagant,1
length,1
cici,1
kirsten,1
natured,1
timehad,1
quicklypickup,1
etcall,1
fuelefficient,1
manufacturerthe,1
quickness,1
prime,1
mechiss,1
palyce,1
dropoffwe,1
wellfast,1
infrequentlyfast,1
prominently,1
tran,1
gratefull,1
heatac,1
liness,1
prepurchase,1
additionaldupicate,1
behicle,1
dicey,1
robelyn,1
carseasy,1
lotno,1
finegreat,1
reviewsglad,1
leery,1
refundin,1
costsif,1
zoopretty,1
serviceim,1
rentaldrive,1
daymy,1
hoursneedless,1
assisantace,1
carport,1
shelly,1
transection,1
ota,1
res,1
smartly,1
fishing,1
batterymy,1
islamarada,1
reviewwhile,1
unneeded,1
damp,1
partyi,1
hoursshuttle,1
carmohamme,1
resume,1
reopen,1
amafter,1
taillight,1
marianne,1
miscommunication,1
devaughn,1
shae,1
married,1
gieco,1
manipulative,1
groceriesnote,1
takenow,1
miscellaneous,1
policyi,1
eligible,1
curious,1
drivethe,1
foxeuorpe,1
lafayettevery,1
native,1
shared,1
entity,1
streak,1
shakingrattle,1
turbulent,1
worrisome,1
beforesoon,1
himi,1
daysupon,1
greencandidcarolyn,1
experiencecarolyn,1
easythank,1
disengagehow,1
unintentionally,1
agsin,1
wished,1
comfortableit,1
jamilla,1
fwd,1
minutesi,1
defroster,1
enthusiastic,1
foxwe,1
roads,1
nominal,1
pothole,1
asphault,1
upfrontyou,1
alwa,1
notable,1
unavailability,1
indifferent,1
accompany,1
unplanned,1
samoan,1
war,1
accelerate,1
sitation,1
champ,1
pmon,1
nobusiness,1
notrust,1
actitud,1
bilingualthank,1
zippy,1
lbs,1
heavy,1
raining,1
costseven,1
spur,1
courier,1
surely,1
plight,1
kalkidan,1
desirable,1
aarp,1
shortb,1
suttle,1
starswa,1
bitch,1
racquet,1
iti,1
professor,1
acceleration,1
onestar,1
fivestar,1
squeal,1
servicewill,1
emran,1
mohame,1
mechanically,1
aesthetically,1
roman,1
passportand,1
unquote,1
shoutout,1
ashy,1
lotion,1
shall,1
xmas,1
audi,1
nonroman,1
cardinternational,1
um,1
wanting,1
doctor,1
retiree,1
permanent,1
sporty,1
plead,1
grabsende,1
inanity,1
hubby,1
rant,1
steaming,1
residency,1
unquotei,1
qualification,1
californiaplease,1
sahara,1
xrar,1
xfar,1
efar,1
domestic,1
amine,1
socal,1
lenway,1
youi,1
glovebox,1
deter,1
eve,1
helpfulno,1
endure,1
luiz,1
aftercpm,1
volvo,1
irganize,1
torturous,1
xe,1
bronco,1
dogde,1
jar,1
checkoutcheckin,1
intuitive,1
iver,1
bone,1
upto,1
fastidious,1
soo,1
occasional,1
shoud,1
vietnamese,1
tooth,1
helpfulalso,1
everno,1
gratefulour,1
arrogant,1
chubby,1
oxygen,1
downloadable,1
unprepared,1
counterstaff,1
amfox,1
carsthey,1
pricingour,1
loaded,1
priceseasy,1
clearwater,1
remainder,1
karla,1
lacking,1
jared,1
lastminute,1
speedometer,1
hatchback,1
hvac,1
visor,1
placard,1
ratethank,1
cycle,1
carclean,1
wellmaintainedcar,1
greatcustomerservice,1
cancelable,1
undue,1
jonathon,1
bahamasair,1
indication,1
beside,1
unload,1
keyso,1
detect,1
billie,1
doble,1
pero,1
pareciera,1
foolish,1
hertzi,1
limitedthe,1
helpfulthe,1
umar,1
wellso,1
depositthey,1
starand,1
grave,1
circumvent,1
selectable,1
outraged,1
rentalby,1
estimatebecause,1
backthe,1
proffesional,1
incheck,1
amazed,1
logan,1
slipped,1
cp,1
sack,1
helpthank,1
polynesian,1
wholesale,1
smokethe,1
greathowever,1
eyebrow,1
ratesi,1
overi,1
apalogetic,1
emmanuel,1
longtime,1
spotlessly,1
exelent,1
finea,1
wfxf,1
rezapour,1
allen,1
reconcilliation,1
anyhow,1
mar,1
tamicka,1
nikki,1
acknowledgment,1
camper,1
mickey,1
twohour,1
puck,1
greatapple,1
ramon,1
depute,1
margarita,1
deterrent,1
criticism,1
weeksive,1
pleasantpolite,1
simpleclean,1
wit,1
mestaff,1
mayan,1
experiencecarlos,1
offstaff,1
patronize,1
attentivewe,1
mewe,1
kiddo,1
boyassume,1
throughly,1
doubted,1
reviewssame,1
heated,1
tac,1
trafficjam,1
tental,1
marginal,1
uneventful,1
enjoyably,1
reat,1
eager,1
genesis,1
bothe,1
beleive,1
tol,1
unknowingly,1
anajohn,1
carwill,1
zahir,1
eleven,1
dealbreaker,1
woulddo,1
easypeasy,1
remedie,1
goodnature,1
pickupdrop,1
serviceservice,1
helpedexplaine,1
rentalregard,1
prefect,1
offroad,1
tripshe,1
fransisco,1
wendy,1
hartsfield,1
misrepresenting,1
diplomatic,1
wasthe,1
mightily,1
allwe,1
hindsight,1
ala,1
paraphrasing,1
redline,1
accurately,1
backalso,1
loudly,1
rpm,1
dollarsgood,1
china,1
wawa,1
balk,1
hammer,1
muddy,1
depositwhile,1
greatgreat,1
hose,1
fedex,1
miriam,1
philadelphia,1
heartless,1
unlocked,1
advancewhen,1
heaven,1
naively,1
substantial,1
fluctuation,1
timeliness,1
anxietyoverall,1
await,1
dishearteningwe,1
integration,1
inclusion,1
europecari,1
loadingunloade,1
odo,1
develop,1
faceshe,1
wifiyouve,1
reread,1
writingthere,1
distract,1
deflect,1
emptybe,1
tmobile,1
withedit,1
nonguaranteed,1
poope,1
myselfwhen,1
delayed,1
outdoor,1
currentcondition,1
quickif,1
replacementwe,1
staffthe,1
aroport,1
geeat,1
qualityprice,1
pointvehicle,1
tami,1
possibleid,1
conditionid,1
smokeit,1
experiencelikely,1
necessarythis,1
arewere,1
catastrophising,1
calmy,1
relent,1
deteriorate,1
roade,1
wellworth,1
busappreciate,1
marry,1
sleezy,1
willbe,1
servicevery,1
minivansthat,1
companiesand,1
forit,1
collen,1
severe,1
fatein,1
determination,1
unwavere,1
taste,1
bitter,1
carvalue,1
xxxxxxxxxxxxxxxxxxxxxxxxxxxxxxxxxxxxxxxxxx,1
odee,1
hometown,1
factual,1
pleasantgreat,1
cleanreturne,1
notwo,1
cardropoff,1
lineafter,1
unhelpfulthis,1
miamidade,1
itdespite,1
misrepresentation,1
palace,1
friendlywhich,1
bestthe,1
almoat,1
staffnice,1
returnpleasant,1
instrument,1
virtual,1
systemi,1
wqas,1
pickupgood,1
spiffy,1
sparkly,1
predictable,1
hastle,1
lugging,1
zip,1
walkin,1
nicethe,1
sitea,1
backandforth,1
sightsee,1
tripprice,1
marketvery,1
rentingthey,1
vote,1
customersfor,1
sum,1
piss,1
wolf,1
shrewdness,1
toyta,1
sidewalk,1
unpack,1
squeeze,1
weeknd,1
blizzard,1
mf,1
airplane,1
exhausting,1
nobodys,1
erroneously,1
againfor,1
ttheir,1
coerced,1
forcefully,1
satisfactionmy,1
marred,1
nightmarish,1
compelled,1
misfortune,1
charle,1
charles,1
cricket,1
experiencewhen,1
costwill,1
twicei,1
carim,1
groundso,1
themthe,1
advancenow,1
foralso,1
orlandoupon,1
slw,1
ladys,1
surprises,1
jungle,1
gremlin,1
congest,1
allother,1
task,1
scraper,1
segmentfortunately,1
whichever,1
nickle,1
join,1
humane,1
punch,1
carjust,1
mandatatory,1
chuck,1
companiesbudget,1
aboutthe,1
thereso,1
inbut,1
ba,1
ordering,1
amidst,1
planet,1
listing,1
stating,1
farm,1
naturally,1
divide,1
standalone,1
dispatcher,1
curb,1
hmmm,1
employees,1
countorplus,1
diane,1
hybridelectric,1
pleasantness,1
loughran,1
bale,1
tolerable,1
doc,1
heft,1
offsave,1
customersif,1
darling,1
upgreat,1
pirce,1
rustic,1
organise,1
hortens,1
tricky,1
em,1
honourable,1
dropff,1
doublecheck,1
strap,1
buckle,1
coststhe,1
reschedule,1
define,1
bender,1
fender,1
chassie,1
aquire,1
guilty,1
pickuplegendary,1
presumably,1
cheery,1
scatche,1
deflate,1
securing,1
purposely,1
doorthe,1
inquiry,1
maarten,1
caribbean,1
rodrigue,1
avenue,1
etcbut,1
careven,1
wisecarsso,1
classic,1
conference,1
pamela,1
promisednot,1
promisedtruly,1
vehicleupgrade,1
haveagain,1
gmcs,1
finedidnt,1
constantlybut,1
runnerno,1
cana,1
jap,1
upgradeit,1
courseitll,1
youof,1
fewhy,1
eighth,1
retailer,1
greatestbut,1
foxa,1
desperateto,1
theu,1
unreasonablei,1
infectiously,1
dishonorable,1
replyyes,1
upin,1
augustine,1
smyrna,1
itbs,1
daythe,1
bythewaystop,1
reservedespecially,1
welli,1
excellentdidnt,1
newthe,1
outthe,1
carlsbad,1
mistruth,1
wealth,1
cigarmy,1
agenciesi,1
issuei,1
fuelunable,1
atlantaharrie,1
edna,1
expensivehe,1
mange,1
kful,1
tha,1
nutshell,1
floridian,1
autoopen,1
liftgate,1
ed,1
relay,1
situationmy,1
rentalorlando,1
etais,1
corridor,1
creek,1
beaver,1
considerate,1
intimidating,1
garagejust,1
waydepende,1
euro,1
carflex,1
covercom,1
contacts,1
validmy,1
incomprehensible,1
befit,1
informs,1
shirt,1
keddy,1
paythank,1
seamlessi,1
fois,1
rapid,1
et,1
unethicalall,1
happenfurther,1
returndid,1
companycalle,1
declinesince,1
padwhen,1
bookingwe,1
bike,1
accent,1
agreeingat,1
rentalafter,1
pricelinemy,1
toytota,1
ffxabd,1
embarrass,1
junker,1
euros,1
dumpster,1
numberadministrative,1
wranglerdr,1
jeeppictured,1
shuffle,1
trusted,1
looked,1
confront,1
vaguely,1
unloaded,1
windowhad,1
staffteam,1
bam,1
befriend,1
gadget,1
pocketbook,1
positif,1
trs,1
tait,1
ucta,1
notified,1
replying,1
starter,1
turocom,1
optionto,1
allstatein,1
urgent,1
where,1
refundunfortunately,1
adjoining,1
frompick,1
deceit,1
hotwire,1
nuance,1
insanely,1
crooksi,1
nu,1
lateri,1
strangely,1
resetting,1
european,1
warming,1
vacay,1
sane,1
frontwheel,1
expenditure,1
keys,1
emailfriendly,1
doin,1
greatdidnt,1
objectivity,1
prorate,1
override,1
manual,1
autofee,1
ali,1
baffle,1
fluent,1
filipino,1
observation,1
breann,1
extent,1
soften,1
trish,1
nurse,1
hardunbelievableit,1
lotlazy,1
againit,1
troublefree,1
advertised,1
serviceman,1
refundslet,1
thoughti,1
luckso,1
breast,1
art,1
treeline,1
foxoff,1
gelpe,1
reccomendation,1
exityou,1
celebrity,1
dude,1
lightskinne,1
backshe,1
brighten,1
quiarra,1
chaniecya,1
goof,1
vehiclesand,1
thatbut,1
depositi,1
tremendously,1
foxalway,1
twenty,1
emplyess,1
detour,1
searching,1
lap,1
jetlagged,1
usdday,1
reciept,1
butafterword,1
usdtollpass,1
typ,1
favourite,1
aperently,1
bluff,1
melvin,1
mysterious,1
pricesfox,1
chargeprepaid,1
legit,1
exiting,1
escort,1
mediocre,1
appalling,1
moneyi,1
trivial,1
convolute,1
carscom,1
mon,1
usdso,1
cardand,1
loyaltyi,1
marginally,1
hardline,1
vega,1
unending,1
prerogative,1
merci,1
bien,1
tre,1
thumb,1
staf,1
todo,1
perfecto,1
avila,1
berkeley,1
rsa,1
slp,1
asmaa,1
liars,1
willd,1
qeeq,1
ruuuun,1
definite,1
freecancelation,1
handy,1
responsiveness,1
inconveniencedi,1
smoother,1
manneras,1
vehiclerelate,1
reservedin,1
sailing,1
oc,1
unexceptable,1
tarr,1
shortterm,1
stressedthe,1
depotvery,1
downafter,1
companymy,1
stopdo,1
accommodatinggreat,1
wrongful,1
wrongfully,1
cashier,1
showing,1
breath,1
answered,1
petite,1
perplex,1
gouging,1
teammate,1
endless,1
lionel,1
discredit,1
avaiable,1
classification,1
awkward,1
rentalsbeware,1
signingin,1
budgeti,1
unwelcome,1
semifriendly,1
unstuck,1
signunfortunately,1
relaxed,1
gradually,1
banking,1
backwa,1
stranded,1
bcs,1
walked,1
outfits,1
chuckle,1
unacceptably,1
chargesthe,1
shy,1
refundedit,1
mechanism,1
isdure,1
expectationstwo,1
againdan,1
preselecte,1
permanently,1
expert,1
privilege,1
shudder,1
steep,1
grind,1
dreadful,1
gap,1
careless,1
indignant,1
astounded,1
meant,1
unwashed,1
questionsand,1
reinna,1
former,1
kindnesspicke,1
tyre,1
disturb,1
autozone,1
outafter,1
alabama,1
cleanest,1
incapable,1
discussion,1
awaywhile,1
conversationi,1
logical,1
unserious,1
banner,1
cosmetically,1
companiesoverall,1
participate,1
picked,1
ambush,1
sadso,1
cassie,1
tina,1
includedi,1
agreedtheir,1
itwont,1
ftlauderdale,1
torrie,1
areaon,1
adder,1
leary,1
interiori,1
boehen,1
gastronomical,1
vibrate,1
bark,1
drivoacefox,1
mantained,1
imposible,1
youwhy,1
portuguese,1
portugal,1
riverside,1
disneyland,1
adequately,1
fran,1
wantnee,1
pant,1
smarty,1
grrreat,1
trafficdenver,1
vehicleto,1
dasca,1
mayra,1
expressly,1
alley,1
alligator,1
causeway,1
wich,1
mathew,1
cardo,1
bocknek,1
sayjory,1
pell,1
lori,1
lasting,1
courtious,1
smoothlyi,1
eu,1
returndrop,1
johnny,1
insurancegastoll,1
hidein,1
bar,1
scanner,1
defense,1
stone,1
untransparent,1
organisational,1
workplace,1
cartwo,1
blindside,1
delete,1
possibility,1
mostely,1
reservate,1
thieve,1
helpfulgreat,1
craphole,1
againwalk,1
staffcompany,1
taliban,1
surplus,1
pleasedi,1
entrapment,1
puncturei,1
oki,1
vagas,1
mgrsupervisor,1
airporton,1
ecuador,1
guayaquil,1
soccer,1
baitnswitch,1
dmv,1
fat,1
foxtollsandfine,1
crossover,1
rlease,1
measly,1
rangwas,1
pocketdo,1
studio,1
brokeon,1
staffalway,1
shoke,1
outbreak,1
compagnie,1
linewhere,1
brutal,1
walking,1
retired,1
deceiving,1
frauduleus,1
riduculous,1
incentivize,1
categorically,1
speeding,1
fleece,1
mgr,1
disgustingdo,1
unwillingness,1
arrivalif,1
carin,1
toothey,1
deskneither,1
priceat,1
delaythey,1
staffwhen,1
abrupt,1
experiencedour,1
abandonment,1
ensuring,1
gil,1
podium,1
fineprint,1
airportciara,1
ealderly,1
linecompletely,1
dot,1
gospel,1
outline,1
slate,1
exremely,1
monorail,1
harbourwhen,1
betterthank,1
friendlythe,1
listened,1
eurofoxs,1
lucas,1
funeral,1
saidand,1
twiceon,1
landline,1
maze,1
copys,1
flatter,1
openly,1
theirsthey,1
rode,1
weekson,1
etcthe,1
kilometer,1
fillbefore,1
discountrefund,1
yosuf,1
julian,1
pn,1
emailing,1
scamthird,1
whop,1
dramatically,1
upped,1
dread,1
notated,1
registering,1
donei,1
compromise,1
moralof,1
liedit,1
nj,1
armrest,1
armr,1
bruise,1
precisely,1
seevice,1
knowlegeable,1
problema,1
onesided,1
comply,1
strictly,1
highup,1
swithing,1
reroute,1
asia,1
befor,1
headroomcustomer,1
knee,1
smack,1
penpencil,1
thaugust,1
beneficial,1
disney,1
detach,1
airportfurthermore,1
fueld,1
map,1
grey,1
fromto,1
hail,1
guatemala,1
expririence,1
flier,1
suffer,1
operationalcar,1
scramble,1
foc,1
paymentfor,1
debitcardfoxcar,1
elsewisecar,1
visacard,1
gone,1
wisecvar,1
niether,1
debitcard,1
referede,1
ren,1
prosse,1
delightfull,1
rentablenow,1
render,1
accidente,1
caso,1
quedan,1
cherry,1
backhighly,1
experiencewill,1
elseand,1
redwood,1
quickeasyand,1
gayle,1
translator,1
vidio,1
smoothe,1
dobbs,1
antonette,1
selene,1
nasal,1
speech,1
upgradecustomer,1
selectedneede,1
tap,1
stepped,1
doral,1
mills,1
sawgrass,1
pompano,1
hosted,1
stealer,1
carrentalcom,1
bribe,1
caro,1
reembolsan,1
hirer,1
adjustingneed,1
tracking,1
underinflated,1
problemone,1
helpfully,1
renatl,1
contactable,1
global,1
reputably,1
companiesboth,1
cmpanie,1
britisheu,1
variation,1
petrolgas,1
twang,1
icing,1
operative,1
cleanness,1
agancy,1
graham,1
appropriately,1
youseff,1
haider,1
kyle,1
hernendez,1
overflow,1
minivans,1
virginia,1
underside,1
welltraine,1
surnameinsurance,1
companyyou,1
thirdparty,1
managerial,1
aproximately,1
optionsthe,1
chan,1
yard,1
fence,1
itgo,1
nothirdly,1
cahorrible,1
locationso,1
expierence,1
cane,1
nicea,1
professionalcourteous,1
daveena,1
addone,1
meanyway,1
notsecondly,1
appreciatedhowever,1
drissa,1
rentalnever,1
beforefirst,1
issuethink,1
crystal,1
timerecord,1
moneysafter,1
paiddepositetcand,1
insurancetoll,1
infirst,1
isso,1
locationcar,1
misplace,1
tony,1
gold,1
wether,1
experiencerente,1
selectedsecond,1
starsfirst,1
reinflate,1
altitude,1
thereof,1
tay,1
javi,1
profitable,1
servicegreat,1
perception,1
misrepresented,1
samsung,1
interactive,1
cleanwould,1
dint,1
usagain,1
thereafter,1
gasdrof,1
cleanwill,1
tcpurely,1
immigration,1
tranaction,1
arturo,1
daphne,1
fatalto,1
tireno,1
credito,1
solo,1
devuelven,1
coche,1
renten,1
casually,1
dandy,1
airflight,1
fixable,1
yodit,1
methank,1
gay,1
custemer,1
worstcustomerservice,1
companycorporateaccountability,1
thisplease,1
gut,1
tripive,1
sitting,1
ant,1
pricei,1
lux,1
overtly,1
closet,1
flashing,1
clown,1
easypeazey,1
unfaire,1
canceling,1
datetime,1
cancelacionplease,1
pagar,1
serviced,1
modelall,1
pointalthough,1
daysgreat,1
sausalito,1
tooshe,1
solving,1
programming,1
feeble,1
retention,1
feethis,1
persistence,1
airpost,1
emma,1
bookingim,1
stubbon,1
subsequent,1
meaningless,1
therefor,1
headr,1
unmoved,1
misinformed,1
replicate,1
systemically,1
central,1
misc,1
purse,1
handbag,1
junior,1
looter,1
avg,1
equation,1
nationwide,1
looking,1
obligation,1
vetting,1
merely,1
roselynn,1
slot,1
ffxc,1
bot,1
surly,1
elswhere,1
companiesgo,1
platinum,1
diamond,1
presidential,1
commentary,1
destructive,1
hilton,1
homesuit,1
holdup,1
noshow,1
transatlantic,1
addedi,1
utter,1
itmy,1
nintendo,1
restart,1
linkedin,1
western,1
paisola,1
roz,1
court,1
downshift,1
makse,1
chaos,1
cutting,1
formation,1
himdid,1
vain,1
feesfox,1
adjusting,1
venue,1
lani,1
butthey,1
locationstaff,1
ortake,1
centere,1
umbrella,1
allaround,1
rescue,1
visamastercard,1
impartial,1
missy,1
deserted,1
csse,1
realizing,1
prefueled,1
wan,1
untill,1
tentative,1
quiniata,1
airportgood,1
childvehicle,1
looooong,1
fredy,1
quickest,1
apprx,1
authorisation,1
removedmoral,1
seen,1
printout,1
lineage,1
tv,1
abnormally,1
unsigned,1
servedchoice,1
laxnearly,1
refundlong,1
onenot,1
siriano,1
millimeter,1
squirt,1
fastrack,1
faultless,1
infuriate,1
accrue,1
repliesyesterday,1
cthis,1
nonetheless,1
devious,1
reviewthat,1
usnot,1
blocking,1
upcharged,1
misreporte,1
sole,1
soakedi,1
dress,1
downpour,1
torrential,1
cheapdure,1
systematic,1
overcharging,1
notifying,1
priceboth,1
cfar,1
responsibilitywe,1
europcarhaving,1
recvd,1
pr,1
stiff,1
unlawful,1
uncover,1
depth,1
district,1
systemic,1
managet,1
heavily,1
vicinity,1
airpark,1
hassleedit,1
themedit,1
plaster,1
signaturesi,1
stretch,1
madrid,1
fatherinlaw,1
replyterrible,1
bookingi,1
crumple,1
mexica,1
misunderstanding,1
realised,1
cho,1
orland,1
outdate,1
discovercar,1
changed,1
disgrace,1
anticsthis,1
enlarging,1
compulsory,1
incurance,1
combine,1
datesadd,1
amend,1
vehicule,1
upholstery,1
timeand,1
combative,1
againi,1
insurancei,1
timecome,1
preppe,1
eighty,1
hug,1
informe,1
affairs,1
subscription,1
misadvise,1
prejudice,1
theh,1
corner,1
fumagate,1
pointed,1
reporting,1
farmco,1
cramp,1
reaervation,1
morally,1
erroneous,1
stampthe,1
orginal,1
reservasion,1
equals,1
instore,1
labor,1
reaerve,1
americans,1
contac,1
loser,1
hippi,1
removedrefunde,1
commercial,1
hakim,1
menu,1
audible,1
shower,1
daytona,1
festival,1
clothe,1
concert,1
severely,1
decemeber,1
helpthis,1
amass,1
collector,1
iv,1
sly,1
protectioninsurance,1
tells,1
amendment,1
disputting,1
supermarket,1
choise,1
roxana,1
exp,1
withe,1
phillip,1
panama,1
reside,1
shaddy,1
copypaste,1
sentence,1
heed,1
wordswe,1
grain,1
chargesonly,1
advertisementmaybe,1
defensive,1
eitheri,1
hoursadditionally,1
overbooked,1
veer,1
liarwe,1
infront,1
moneywe,1
showboth,1
carwhat,1
heathrow,1
ing,1
fillle,1
bookingbe,1
padrea,1
happenalso,1
scatter,1
deice,1
runway,1
carsarrive,1
bookingour,1
contractual,1
mislabel,1
infant,1
headline,1
scamscheatingfalse,1
barefoot,1
madden,1
foxnot,1
readyfinally,1
spurious,1
wiresthat,1
europar,1
trading,1
disgustedat,1
cheek,1
receipthe,1
responsesupon,1
quotedi,1
agreedi,1
teller,1
eurpacar,1
andrea,1
understandablyi,1
pertinent,1
unsaid,1
rightwe,1
yep,1
overfill,1
carproblem,1
spidey,1
gaslight,1
carryon,1
cigar,1
chocolate,1
cigarcigarette,1
instate,1
managertype,1
nothingthank,1
hahahaha,1
out,1
clearresponse,1
tree,1
easyif,1
beendrop,1
efficientthe,1
centre,1
latethere,1
zena,1
phonei,1
inclusivelyfinde,1
cwd,1
deaf,1
insurancesquite,1
empathize,1
rentcarcom,1
lifeprepaid,1
appalled,1
knew,1
turbo,1
delaney,1
respected,1
giggle,1
betray,1
nelson,1
offbrand,1
accredit,1
vehiclevery,1
breach,1
aboutfox,1
dayswhen,1
australia,1
sam,1
themby,1
gangster,1
frame,1
companyyoull,1
dishonestcar,1
notsoif,1
ukbut,1
chargedhe,1
differ,1
dupe,1
civilly,1
shorten,1
breckenridge,1
horsepower,1
debate,1
breck,1
capable,1
hill,1
agreedbut,1
incidence,1
statutory,1
expound,1
madeup,1
expediacom,1
airportwhen,1
internation,1
arrivedthe,1
diff,1
airportin,1
visitit,1
rentacarhere,1
groundsthen,1
quiche,1
sebastian,1
keyboard,1
fontana,1
wells,1
jimenez,1
gilbert,1
annual,1
allthen,1
safetyfirst,1
image,1
cothe,1
snowfor,1
semitrack,1
odell,1
rhonda,1
tacoma,1
tumble,1
accelerator,1
surface,1
overseas,1
places,1
nv,1
optionthe,1
mo,1
crooks,1
merit,1
extort,1
newark,1
drivo,1
oversight,1
ats,1
ra,1
frantically,1
outdated,1
allthe,1
usedwhen,1
rentersa,1
valet,1
lowpressure,1
shuttlebus,1
trainedjust,1
matterthey,1
principle,1
cctv,1
backi,1
lait,1
companywhen,1
battle,1
redeem,1
starsi,1
required,1
assurance,1
bakersfield,1
overpriced,1
itemized,1
negligence,1
bent,1
oreily,1
ignorant,1
partyhe,1
donut,1
argumentative,1
murrieta,1
emailand,1
shell,1
postage,1
designer,1
terse,1
sunglasse,1
stepping,1
inconveniently,1
arriving,1
atak,1
iceland,1
reykjavik,1
listencost,1
passtold,1
helpfulalway,1
yetgot,1
ridiculousupdate,1
chargethis,1
holdgoe,1
laternever,1
chargeafter,1
reoccurre,1
hourthey,1
traumatizing,1
signingthen,1
minumum,1
bookedso,1
routinethe,1
similarafter,1
mistakei,1
businessfox,1
trustworthyin,1
agodo,1
jersey,1
premier,1
marisol,1
sierra,1
hourdo,1
ordeal,1
scamoh,1
spotty,1
sneak,1
voicemailsfirst,1
answersdo,1
fairsober,1
ps,1
hurried,1
drain,1
seemingly,1
daynada,1
nadanext,1
disconnectedtrie,1
doclater,1
advantagei,1
ambient,1
enquired,1
usan,1
illusion,1
caring,1
continued,1
sureyou,1
agencie,1
lest,1
letterwhen,1
travelling,1
franco,1
j,1
steven,1
forksi,1
itnow,1
reconnect,1
navigationthen,1
tollway,1
sel,1
elantra,1
covering,1
themwe,1
insistent,1
themwhen,1
cheated,1
module,1
roundabout,1
moneyim,1
unsanitaryin,1
bun,1
hotdog,1
stale,1
refilled,1
takenavoid,1
overcrager,1
gun,1
portrayed,1
illegally,1
mewhen,1
tab,1
specified,1
mevery,1
onvery,1
tripthe,1
calculation,1
valley,1
displaymonitor,1
tolling,1
allinclude,1
goodbye,1
hysterically,1
laughing,1
thefti,1
wasthroughout,1
suveventually,1
fork,1
rainer,1
salina,1
emirey,1
thempoor,1
cockroach,1
movie,1
happe,1
moneywatch,1
willfully,1
downi,1
corporateshe,1
cop,1
retort,1
prebooked,1
roundtrip,1
fiu,1
nyc,1
companyin,1
trigger,1
deem,1
pinkie,1
lift,1
ejection,1
lost,1
bud,1
specialist,1
reuse,1
amazingnext,1
finesse,1
bullsht,1
crediton,1
cancer,1
auntie,1
widow,1
memorial,1
trainingif,1
etiquette,1
dire,1
celebration,1
oni,1
placeafter,1
indefinite,1
joshua,1
assisted,1
erick,1
conflict,1
stole,1
unresolved,1
redirect,1
wouldterrible,1
accidently,1
forthey,1
lessonyou,1
chalk,1
clarification,1
drilling,1
contemplate,1
foxsince,1
foxthis,1
carsfor,1
subsequently,1
foxmade,1
adamant,1
beginningand,1
pipe,1
tail,1
underhanded,1
punctuality,1
attendee,1
gurantee,1
smokeweed,1
pricier,1
blowing,1
pointtrust,1
mistreat,1
unreachable,1
officescustomer,1
surprisely,1
repute,1
terrah,1
empathetic,1
dodgy,1
dame,1
citythey,1
knowingly,1
poornow,1
muchso,1
foul,1
reservationnot,1
ittook,1
oxymoron,1
rainerdont,1
survivor,1
lahaina,1
thas,1
moronic,1
anothe,1
iton,1
sneekyhe,1
waywhen,1
fold,1
frontwhen,1
distinction,1
hadfirst,1
prce,1
upi,1
joe,1
spilledcoffee,1
photograph,1
antimasker,1
snaking,1
attributable,1
missouri,1
myersfl,1
usei,1
politer,1
teenager,1
buzz,1
misguide,1
sarcasm,1
helpdeskoxymoron,1
internal,1
aa,1
freshener,1
ancient,1
kicking,1
onlinealso,1
deadwood,1
dailyweekly,1
breached,1
paidand,1
upgo,1
gasyou,1
wellright,1
marijuana,1
rentacarthen,1
sorento,1
belittle,1
skyharbor,1
workbetter,1
useit,1
cancertire,1
unloading,1
conditioni,1
emailgo,1
hwys,1
survive,1
dominique,1
chicagorosemont,1
assumption,1
languagewould,1
readable,1
customeri,1
exaggerating,1
dogo,1
dealer,1
unreal,1
problemsecondly,1
isfirst,1
earlystay,1
fortlauderdale,1
irrelevantthey,1
hiddenn,1
luxery,1
exhorbsnt,1
hunk,1
medicine,1
overheat,1
captiva,1
warnedupdate,1
moneyha,1
waiverthat,1
prewarne,1
omgi,1
sayupdate,1
elect,1
knob,1
rearend,1
pool,1
blander,1
antifreeze,1
rightside,1
regulator,1
maxima,1
retail,1
pricethey,1
carlike,1
quotewe,1
offfirst,1
caredit,1
arefinally,1
kennedy,1
facilitiesi,1
sb,1
meaningthis,1
airportlet,1
lip,1
happyupdate,1
chacala,1
marina,1
suzuki,1
younext,1
outcomethank,1
youwhat,1
billingracke,1
hawaii,1
hawaiian,1
workwhen,1
rebooking,1
guardrail,1
boulder,1
closure,1
precheckin,1
checkincar,1
orlandomco,1
pitiful,1
ofi,1
refusegiven,1
denialplease,1
companyfox,1
moneyfor,1
whose,1
reeducate,1
authorization,1
iron,1
smearing,1
neighbor,1
assistence,1
scuffed,1
butt,1
babys,1
amounti,1
tollsi,1
pressurise,1
locationafter,1
cov,1
stationwhen,1
indeedshort,1
problemsnote,1
student,1
resignation,1
usawe,1
authoritiesremember,1
respective,1
consequence,1
stillas,1
carafter,1
nobut,1
officially,1
costbut,1
avisbudget,1
hollywoodft,1
specialized,1
popularity,1
butter,1
peanut,1
razor,1
ashtray,1
stripper,1
disgustingly,1
aday,1
tehy,1
daysteer,1
youmy,1
factually,1
tod,1
verbiage,1
crafty,1
coveredshame,1
midnightcalle,1
costthe,1
inflated,1
strandedwhen,1
traveller,1
plumber,1
predicament,1
inn,1
hampton,1
stucki,1
intention,1
lessthe,1
itvan,1
rudthen,1
againwaite,1
upsild,1
timeshare,1
wisecarscom,1
ow,1
dump,1
cram,1
condo,1
horribly,1
wedge,1
impolite,1
condense,1
hours,1
pacific,1
ludicrous,1
reek,1
singing,1
cigerette,1
deactivate,1
orginally,1
renderedfox,1
barclay,1
unrelated,1
liethe,1
bathroom,1
carboth,1
grip,1
carwe,1
criminalsi,1
cleanedreturne,1
servicewa,1
toocar,1
helpneed,1
nopeopleanywhere,1
peep,1
adequarte,1
awsw,1
billedmycardafter,1
airportfraudantly,1
atsanta,1
grrrr,1
cheeto,1
canceledno,1
badour,1
febreze,1
pricethen,1
mild,1
subcompact,1
rentacarreserve,1
stepchild,1
ugly,1
covidjeff,1
blonde,1
parkany,1
lightning,1
ab,1
icon,1
timenew,1
airplanewill,1
wrapper,1
cubby,1
sanitizing,1
lurch,1
irresponsible,1
reversal,1
avi,1
uberlyft,1
streetlight,1
casino,1
perspective,1
wisdom,1
candy,1
jennifer,1
surprising,1
lateevene,1
fluke,1
descent,1
honeymoon,1
ring,1
ticking,1
escalation,1
format,1
debacle,1
orderthe,1
sheriff,1
calistoga,1
soobviously,1
bullsnaz,1
whack,1
fcking,1
illinois,1
biweekly,1
pat,1
unconscionable,1
ransack,1
antiquate,1
hunt,1
kidus,1
cos,1
funky,1
blinker,1
rentalfox,1
twoday,1
leasing,1
fiveday,1
pointless,1
maker,1
rehearsed,1
hereupdate,1
latoyas,1
lessor,1
ffxf,1
renal,1
scitchy,1
hurrible,1
unseen,1
alright,1
complaining,1
imnot,1
tt,1
weak,1
decency,1
bake,1
cooler,1
wasis,1
painting,1
ideawhere,1
thereseveral,1
violation,1
drunk,1
dirtythere,1
mccarran,1
sauna,1
stalker,1
inner,1
mdt,1
idaho,1
wowthis,1
exaggerate,1
sanitized,1
container,1
threatened,1
reenforce,1
unsatisfied,1
calous,1
earlieri,1
servicelet,1
worstfox,1
methis,1
evernot,1
agencyworst,1
againafter,1
terriblenever,1
postcode,1
theirpayment,1
surlyunhelpful,1
departmentall,1
finance,1
storyoctober,1
refundhere,1
assistancelook,1
congress,1
requirementsamerican,1
payroll,1
billion,1
pandemiccongress,1
suspend,1
carwashington,1
companythis,1
pandemicthis,1
lue,1
plunge,1
furlough,1
immediatelyas,1
websitei,1
pottyi,1
porta,1
itthis,1
sickening,1
carplease,1
tolerate,1
dollarsif,1
problemwhen,1
despicable,1
children,1
accommmodate,1
flatly,1
spotfox,1
travleling,1
baseball,1
wagnerrente,1
againlisa,1
fume,1
bundle,1
politicswont,1
towelthe,1
napkin,1
timecar,1
umm,1
clobber,1
horriblebate,1
finesb,1
il,1
airpods,1
climb,1
answering,1
stench,1
cleanedthey,1
outi,1
wellthe,1
butts,1
rick,1
lessdo,1
holdin,1
minutesso,1
hmmmmm,1
extre,1
tobacco,1
wreak,1
aiport,1
conner,1
smoothness,1
replyjune,1
standingby,1
commenti,1
renti,1
sanitation,1
monitor,1
rewrite,1
wouldrespectfully,1
supportthis,1
laughable,1
incure,1
rerent,1
zoey,1
est,1
covidnow,1
greasy,1
outlook,1
argued,1
lockdown,1
concourse,1
buffalo,1
moneyit,1
km,1
bully,1
sales,1
aarpexpedia,1
fore,1
companynothing,1
canyon,1
emailsi,1
airbnb,1
granddaughter,1
lifeif,1
satisfiedmy,1
rightnot,1
adage,1
foxevery,1
replay,1
onhold,1
operatesmay,1
canadians,1
numberi,1
corona,1
aline,1
pretext,1
dental,1
attract,1
optimistic,1
disgruntle,1
yeh,1
crumble,1
upthe,1
carplayupdate,1
doubledalso,1
insurancethe,1
broker,1
feealso,1
pricehow,1
chargesfee,1
chester,1
clark,1
laurie,1
inexcusable,1
checkbook,1
unfavorable,1
inaccurate,1
recite,1
availablenext,1
useb,1
experienceour,1
occurrence,1
harbory,1
shttle,1
adinvite,1
cmon,1
vacationthank,1
ii,1
resemble,1
prima,1
rubber,1
alexis,1
foz,1
brain,1
wind,1
shotty,1
wreck,1
frombut,1
series,1
abhorrent,1
rider,1
interestingly,1
equitable,1
smilekudo,1
meanin,1
epitome,1
nordstrom,1
applicable,1
exellent,1
frills,1
hyphen,1
hyphenate,1
cdl,1
nod,1
rentalall,1
lookout,1
madebe,1
piclup,1
airportsboth,1
annoyingly,1
monththank,1
looooooong,1
retract,1
evermy,1
himthe,1
addressit,1
informationalso,1
longgggggg,1
amazinghowever,1
nonsmoker,1
breezewhen,1
folio,1
documentsupon,1
feescharge,1
agreementok,1
flightaware,1
rightheard,1
wellwhat,1
threw,1
marsh,1
tiffany,1
montego,1
trail,1
hiking,1
trent,1
hasslethe,1
conditionclean,1
rquire,1
goodbetter,1
squeezey,1
lolnot,1
bookedi,1
pmtheyve,1
upsomehow,1
confirming,1
wfxathank,1
sfdzee,1
weight,1
ordinarily,1
perfectlyoverall,1
overinflation,1
technician,1
causing,1
feb,1
valencia,1
wfxabernardo,1
inre,1
timervery,1
staffplus,1
facessome,1
hadalso,1
scottsdale,1
convenienti,1
issuesthe,1
greatbrand,1
years,1
uche,1
mu,1
irritated,1
vis,1
default,1
ri,1
headphonesthe,1
pleasent,1
latitude,1
anomaly,1
youmike,1
nul,1
goes,1
suvdouble,1
var,1
autoeurope,1
shelf,1
parcel,1
vacationi,1
vechicle,1
excote,1
reinput,1
volkswagon,1
preknowledge,1
initiative,1
onetwothreesie,1
tucson,1
cynical,1
badbtw,1
popup,1
upthat,1
backwards,1
plans,1
welfare,1
mumble,1
visavis,1
reasaonable,1
profileit,1
wide,1
etcgreat,1
eyelash,1
screwing,1
phoneummm,1
prepayno,1
aged,1
companyservice,1
content,1
easty,1
firmly,1
carousel,1
quicklike,1
thatyou,1
chargeoh,1
weeksi,1
commision,1
rs,1
experiencetoo,1
sloppythe,1
planealso,1
qa,1
carclass,1
racket,1
washvacuum,1
elaborate,1
payless,1
miserably,1
bookwish,1
companysimple,1
avaible,1
tie,1
clip,1
asphalt,1
registered,1
almo,1
nextdoor,1
distant,1
problemi,1
evidently,1
computeryou,1
thoughtless,1
tilt,1
squeezy,1
askedcar,1
feefox,1
capolino,1
helpbob,1
arises,1
apologized,1
returnedi,1
uncaring,1
daythey,1
jh,1
jhjh,1
jkh,1
jaj,1
juju,1
kjhkjhkjhkhjbkjhkjkjjj,1
twano,1
practicality,1
accounting,1
uncapable,1
exprtotal,1
miamigarden,1
avesr,1
expr,1
nw,1
eastnd,1
successfully,1
doug,1
forfiete,1
whopping,1
jokeif,1
dayswhat,1
feeall,1
experienceeasy,1
kettnerlove,1
bestlove,1
admirable,1
ol,1
atleast,1
insuranse,1
pesonnel,1
ethical,1
useexcellentand,1
puke,1
method,1
purely,1
pretend,1
raider,1
enjoyableand,1
delaysoverall,1
pricingthere,1
surve,1
okayat,1
robber,1
bandit,1
huuibbbbbbbbbbbbbbbbbbbbbbbbb,1
malfunction,1
sandiego,1
virgin,1
handsdown,1
crooksbeware,1
moot,1
northeast,1
unscrupulous,1
rentalwhen,1
bog,1
dispose,1
injection,1
insulin,1
streaking,1
hyper,1
necessarily,1
percent,1
altogether,1
easyihope,1
ele,1
reg,1
yelp,1
fitting,1
acronym,1
jasonjustin,1
tigist,1
dripping,1
curt,1
thee,1
cock,1
suffice,1
badge,1
avid,1
islands,1
complicated,1
furth,1
dl,1
waist,1
bloody,1
doent,1
tower,1
supper,1
experiience,1
dealle,1
ns,1
breton,1
cape,1
thankfulto,1
ann,1
carsfaster,1
wellequippe,1
excelent,1
pickedup,1
accidenti,1
childrenagain,1
commissionthe,1
speciel,1
tally,1
anywaysbe,1
misquote,1
gaswhich,1
phoned,1
interphase,1
greateasy,1
yearsuse,1
fadt,1
regional,1
entry,1
datum,1
staid,1
experienceit,1
helen,1
backpaul,1
pointi,1
severallocation,1
compatible,1
matteroffairly,1
wig,1
bowl,1
itfollow,1
smellthe,1
placealthough,1
enemy,1
nasef,1
davy,1
donald,1
appreicate,1
pastand,1
problemwith,1
daysdestination,1
outon,1
iam,1
completedand,1
havethe,1
buildingit,1
airporteven,1
reluctant,1
notunacceptable,1
evertime,1
airportbranch,1
muslim,1
islam,1
mein,1
prohibit,1
fave,1
interface,1
calendar,1
macbook,1
calif,1
reasoning,1
hiwhy,1
partnow,1
carsto,1
mexicain,1
volkswagen,1
aloha,1
pointsreward,1
preregistere,1
tonight,1
rejection,1
redo,1
goodhavent,1
grumble,1
illuminate,1
symbol,1
celular,1
nh,1
niece,1
compliance,1
realm,1
untruthful,1
horable,1
trasparant,1
hugh,1
jeff,1
infersce,1
foxrentalcarcom,1
foxrebtacarcom,1
plesent,1
usdi,1
unfold,1
endanger,1
grandkid,1
editing,1
ux,1
fusioni,1
bookedpaid,1
viewing,1
improperly,1
meafter,1
dayscalle,1
assured,1
contractbut,1
repay,1
servicewas,1
forbad,1
awayyou,1
feesi,1
bucksif,1
thisdo,1
modificationanswere,1
bahama,1
ratesupdate,1
carswhat,1
dose,1
shouls,1
stink,1
wimdow,1
jumpy,1
overt,1
fastand,1
memorize,1
cuban,1
upall,1
sitetrie,1
registeredtry,1
rica,1
thingd,1
carsgreat,1
nevrnot,1
ridiculousso,1
sucess,1
easiest,1
jalopy,1
sicily,1
subsidiary,1
texte,1
jumping,1
silenceim,1
fb,1
jdjxmxkkdjkdmd,1
muhamme,1
workputte,1
rico,1
thereour,1
cyber,1
pricescant,1
temperamental,1
crime,1
rampant,1
aloti,1
yearswe,1
nicegood,1
abd,1
po,1
usedi,1
paynow,1
accomadate,1
confirmaiton,1
correlate,1
driverin,1
shelter,1
toldthere,1
airportor,1
ftmeyer,1
recenty,1
actuality,1
secondary,1
grump,1
tampano,1
columbia,1
british,1
province,1
againpoor,1
fluidin,1
alland,1
